"pic_id","sample_size","test_param","param_value","p_value","obs_plot_location","pic_name","experiment","difficulty","data_name"
1,"20","turk10-Standard-Inner-Multiple-rep1","20-2",NA,"14","images/filebab6558ba4c4-multiple.svg","turk10",1,"data-1-1-1-20-2-14-5.csv"
2,"20","turk10-Standard-Inner-Single-rep1","20-2",NA,"14","images/filebab6558ba4c4-single.svg","turk10",1,"data-1-1-1-20-2-14-5.csv"
3,"20","turk10-Standard-Outer-Multiple-rep1","20-2",NA,"5","images/filebab642ee6bbc-multiple.svg","turk10",1,"data-1-1-1-20-2-14-5.csv"
4,"20","turk10-Standard-Outer-Single-rep1","20-2",NA,"5","images/filebab642ee6bbc-single.svg","turk10",1,"data-1-1-1-20-2-14-5.csv"
5,"20","turk10-Rotated-Inner-Multiple-rep1","20-2",NA,"14","images/filebab653677e4c-multiple.svg","turk10",1,"data-1-1-1-20-2-14-5.csv"
6,"20","turk10-Rotated-Inner-Single-rep1","20-2",NA,"14","images/filebab653677e4c-single.svg","turk10",1,"data-1-1-1-20-2-14-5.csv"
7,"20","turk10-Rotated-Outer-Single-rep1","20-2",NA,"5","images/filebab62f94da5b-single.svg","turk10",1,"data-1-1-1-20-2-14-5.csv"
8,"20","turk10-Rotated-Outer-Multiple-rep1","20-2",NA,"5","images/filebab62f94da5b-multiple.svg","turk10",1,"data-1-1-1-20-2-14-5.csv"
9,"20","turk10-Control-Inner-Single-rep1","20-2",NA,"14","images/filebab632e325f8-single.svg","turk10",1,"data-1-1-1-20-2-14-5.csv"
10,"20","turk10-Control-Inner-Multiple-rep1","20-2",NA,"14","images/filebab632e325f8-multiple.svg","turk10",1,"data-1-1-1-20-2-14-5.csv"
11,"20","turk10-Control-Outer-Multiple-rep1","20-2",NA,"5","images/filebab65ed1d6e1-multiple.svg","turk10",1,"data-1-1-1-20-2-14-5.csv"
12,"20","turk10-Control-Outer-Single-rep1","20-2",NA,"5","images/filebab65ed1d6e1-single.svg","turk10",1,"data-1-1-1-20-2-14-5.csv"
13,"30","turk10-Standard-Inner-Multiple-rep1","30-10",NA,"14","images/filebab61ebac1ee-multiple.svg","turk10",2,"data-1-1-10-30-10-14-16.csv"
14,"30","turk10-Standard-Inner-Single-rep1","30-10",NA,"14","images/filebab61ebac1ee-single.svg","turk10",2,"data-1-1-10-30-10-14-16.csv"
15,"30","turk10-Standard-Outer-Multiple-rep1","30-10",NA,"16","images/filebab677120004-multiple.svg","turk10",2,"data-1-1-10-30-10-14-16.csv"
16,"30","turk10-Standard-Outer-Single-rep1","30-10",NA,"16","images/filebab677120004-single.svg","turk10",2,"data-1-1-10-30-10-14-16.csv"
17,"30","turk10-Rotated-Inner-Multiple-rep1","30-10",NA,"14","images/filebab622727e69-multiple.svg","turk10",2,"data-1-1-10-30-10-14-16.csv"
18,"30","turk10-Rotated-Inner-Single-rep1","30-10",NA,"14","images/filebab622727e69-single.svg","turk10",2,"data-1-1-10-30-10-14-16.csv"
19,"30","turk10-Rotated-Outer-Single-rep1","30-10",NA,"16","images/filebab6ac9312a-single.svg","turk10",2,"data-1-1-10-30-10-14-16.csv"
20,"30","turk10-Rotated-Outer-Multiple-rep1","30-10",NA,"16","images/filebab6ac9312a-multiple.svg","turk10",2,"data-1-1-10-30-10-14-16.csv"
21,"30","turk10-Control-Inner-Single-rep1","30-10",NA,"14","images/filebab63ebf43ae-single.svg","turk10",2,"data-1-1-10-30-10-14-16.csv"
22,"30","turk10-Control-Inner-Multiple-rep1","30-10",NA,"14","images/filebab63ebf43ae-multiple.svg","turk10",2,"data-1-1-10-30-10-14-16.csv"
23,"30","turk10-Control-Outer-Multiple-rep1","30-10",NA,"16","images/filebab67ef474b0-multiple.svg","turk10",2,"data-1-1-10-30-10-14-16.csv"
24,"30","turk10-Control-Outer-Single-rep1","30-10",NA,"16","images/filebab67ef474b0-single.svg","turk10",2,"data-1-1-10-30-10-14-16.csv"
25,"50","turk10-Standard-Inner-Multiple-rep1","50-10",NA,"9","images/filebab6255aada3-multiple.svg","turk10",3,"data-1-1-11-50-10-9-4.csv"
26,"50","turk10-Standard-Inner-Single-rep1","50-10",NA,"9","images/filebab6255aada3-single.svg","turk10",3,"data-1-1-11-50-10-9-4.csv"
27,"50","turk10-Standard-Outer-Multiple-rep1","50-10",NA,"4","images/filebab6643dbb7d-multiple.svg","turk10",3,"data-1-1-11-50-10-9-4.csv"
28,"50","turk10-Standard-Outer-Single-rep1","50-10",NA,"4","images/filebab6643dbb7d-single.svg","turk10",3,"data-1-1-11-50-10-9-4.csv"
29,"50","turk10-Rotated-Inner-Multiple-rep1","50-10",NA,"9","images/filebab663190fed-multiple.svg","turk10",3,"data-1-1-11-50-10-9-4.csv"
30,"50","turk10-Rotated-Inner-Single-rep1","50-10",NA,"9","images/filebab663190fed-single.svg","turk10",3,"data-1-1-11-50-10-9-4.csv"
31,"50","turk10-Rotated-Outer-Single-rep1","50-10",NA,"4","images/filebab6264c36f-single.svg","turk10",3,"data-1-1-11-50-10-9-4.csv"
32,"50","turk10-Rotated-Outer-Multiple-rep1","50-10",NA,"4","images/filebab6264c36f-multiple.svg","turk10",3,"data-1-1-11-50-10-9-4.csv"
33,"50","turk10-Control-Inner-Single-rep1","50-10",NA,"9","images/filebab610e03ef5-single.svg","turk10",3,"data-1-1-11-50-10-9-4.csv"
34,"50","turk10-Control-Inner-Multiple-rep1","50-10",NA,"9","images/filebab610e03ef5-multiple.svg","turk10",3,"data-1-1-11-50-10-9-4.csv"
35,"50","turk10-Control-Outer-Multiple-rep1","50-10",NA,"4","images/filebab672454f7a-multiple.svg","turk10",3,"data-1-1-11-50-10-9-4.csv"
36,"50","turk10-Control-Outer-Single-rep1","50-10",NA,"4","images/filebab672454f7a-single.svg","turk10",3,"data-1-1-11-50-10-9-4.csv"
37,"75","turk10-Standard-Inner-Multiple-rep1","75-10",NA,"12","images/filebab654b44b6c-multiple.svg","turk10",4,"data-1-1-12-75-10-12-19.csv"
38,"75","turk10-Standard-Inner-Single-rep1","75-10",NA,"12","images/filebab654b44b6c-single.svg","turk10",4,"data-1-1-12-75-10-12-19.csv"
39,"75","turk10-Standard-Outer-Multiple-rep1","75-10",NA,"19","images/filebab68c3cae6-multiple.svg","turk10",4,"data-1-1-12-75-10-12-19.csv"
40,"75","turk10-Standard-Outer-Single-rep1","75-10",NA,"19","images/filebab68c3cae6-single.svg","turk10",4,"data-1-1-12-75-10-12-19.csv"
41,"75","turk10-Rotated-Inner-Multiple-rep1","75-10",NA,"12","images/filebab624650d32-multiple.svg","turk10",4,"data-1-1-12-75-10-12-19.csv"
42,"75","turk10-Rotated-Inner-Single-rep1","75-10",NA,"12","images/filebab624650d32-single.svg","turk10",4,"data-1-1-12-75-10-12-19.csv"
43,"75","turk10-Rotated-Outer-Single-rep1","75-10",NA,"19","images/filebab666456048-single.svg","turk10",4,"data-1-1-12-75-10-12-19.csv"
44,"75","turk10-Rotated-Outer-Multiple-rep1","75-10",NA,"19","images/filebab666456048-multiple.svg","turk10",4,"data-1-1-12-75-10-12-19.csv"
45,"75","turk10-Control-Inner-Single-rep1","75-10",NA,"12","images/filebab66e3dc688-single.svg","turk10",4,"data-1-1-12-75-10-12-19.csv"
46,"75","turk10-Control-Inner-Multiple-rep1","75-10",NA,"12","images/filebab66e3dc688-multiple.svg","turk10",4,"data-1-1-12-75-10-12-19.csv"
47,"75","turk10-Control-Outer-Multiple-rep1","75-10",NA,"19","images/filebab619b54343-multiple.svg","turk10",4,"data-1-1-12-75-10-12-19.csv"
48,"75","turk10-Control-Outer-Single-rep1","75-10",NA,"19","images/filebab619b54343-single.svg","turk10",4,"data-1-1-12-75-10-12-19.csv"
49,"30","turk10-Standard-Inner-Multiple-rep1","30-2",NA,"9","images/filebab65c28de1a-multiple.svg","turk10",5,"data-1-1-2-30-2-9-4.csv"
50,"30","turk10-Standard-Inner-Single-rep1","30-2",NA,"9","images/filebab65c28de1a-single.svg","turk10",5,"data-1-1-2-30-2-9-4.csv"
51,"30","turk10-Standard-Outer-Multiple-rep1","30-2",NA,"4","images/filebab67f0dac3a-multiple.svg","turk10",5,"data-1-1-2-30-2-9-4.csv"
52,"30","turk10-Standard-Outer-Single-rep1","30-2",NA,"4","images/filebab67f0dac3a-single.svg","turk10",5,"data-1-1-2-30-2-9-4.csv"
53,"30","turk10-Rotated-Inner-Multiple-rep1","30-2",NA,"9","images/filebab64b52f0e4-multiple.svg","turk10",5,"data-1-1-2-30-2-9-4.csv"
54,"30","turk10-Rotated-Inner-Single-rep1","30-2",NA,"9","images/filebab64b52f0e4-single.svg","turk10",5,"data-1-1-2-30-2-9-4.csv"
55,"30","turk10-Rotated-Outer-Single-rep1","30-2",NA,"4","images/filebab632452f5e-single.svg","turk10",5,"data-1-1-2-30-2-9-4.csv"
56,"30","turk10-Rotated-Outer-Multiple-rep1","30-2",NA,"4","images/filebab632452f5e-multiple.svg","turk10",5,"data-1-1-2-30-2-9-4.csv"
57,"30","turk10-Control-Inner-Single-rep1","30-2",NA,"9","images/filebab65aa65500-single.svg","turk10",5,"data-1-1-2-30-2-9-4.csv"
58,"30","turk10-Control-Inner-Multiple-rep1","30-2",NA,"9","images/filebab65aa65500-multiple.svg","turk10",5,"data-1-1-2-30-2-9-4.csv"
59,"30","turk10-Control-Outer-Multiple-rep1","30-2",NA,"4","images/filebab65e16a17e-multiple.svg","turk10",5,"data-1-1-2-30-2-9-4.csv"
60,"30","turk10-Control-Outer-Single-rep1","30-2",NA,"4","images/filebab65e16a17e-single.svg","turk10",5,"data-1-1-2-30-2-9-4.csv"
61,"50","turk10-Standard-Inner-Multiple-rep1","50-2",NA,"8","images/filebab66dd98855-multiple.svg","turk10",6,"data-1-1-3-50-2-8-18.csv"
62,"50","turk10-Standard-Inner-Single-rep1","50-2",NA,"8","images/filebab66dd98855-single.svg","turk10",6,"data-1-1-3-50-2-8-18.csv"
63,"50","turk10-Standard-Outer-Multiple-rep1","50-2",NA,"18","images/filebab66485bcca-multiple.svg","turk10",6,"data-1-1-3-50-2-8-18.csv"
64,"50","turk10-Standard-Outer-Single-rep1","50-2",NA,"18","images/filebab66485bcca-single.svg","turk10",6,"data-1-1-3-50-2-8-18.csv"
65,"50","turk10-Rotated-Inner-Multiple-rep1","50-2",NA,"8","images/filebab61fc48774-multiple.svg","turk10",6,"data-1-1-3-50-2-8-18.csv"
66,"50","turk10-Rotated-Inner-Single-rep1","50-2",NA,"8","images/filebab61fc48774-single.svg","turk10",6,"data-1-1-3-50-2-8-18.csv"
67,"50","turk10-Rotated-Outer-Single-rep1","50-2",NA,"18","images/filebab61f98e0f7-single.svg","turk10",6,"data-1-1-3-50-2-8-18.csv"
68,"50","turk10-Rotated-Outer-Multiple-rep1","50-2",NA,"18","images/filebab61f98e0f7-multiple.svg","turk10",6,"data-1-1-3-50-2-8-18.csv"
69,"50","turk10-Control-Inner-Single-rep1","50-2",NA,"8","images/filebab682da555-single.svg","turk10",6,"data-1-1-3-50-2-8-18.csv"
70,"50","turk10-Control-Inner-Multiple-rep1","50-2",NA,"8","images/filebab682da555-multiple.svg","turk10",6,"data-1-1-3-50-2-8-18.csv"
71,"50","turk10-Control-Outer-Multiple-rep1","50-2",NA,"18","images/filebab66cc173a4-multiple.svg","turk10",6,"data-1-1-3-50-2-8-18.csv"
72,"50","turk10-Control-Outer-Single-rep1","50-2",NA,"18","images/filebab66cc173a4-single.svg","turk10",6,"data-1-1-3-50-2-8-18.csv"
73,"75","turk10-Standard-Inner-Multiple-rep1","75-2",NA,"13","images/filebab626165c2f-multiple.svg","turk10",7,"data-1-1-4-75-2-13-11.csv"
74,"75","turk10-Standard-Inner-Single-rep1","75-2",NA,"13","images/filebab626165c2f-single.svg","turk10",7,"data-1-1-4-75-2-13-11.csv"
75,"75","turk10-Standard-Outer-Multiple-rep1","75-2",NA,"11","images/filebab65fe2532-multiple.svg","turk10",7,"data-1-1-4-75-2-13-11.csv"
76,"75","turk10-Standard-Outer-Single-rep1","75-2",NA,"11","images/filebab65fe2532-single.svg","turk10",7,"data-1-1-4-75-2-13-11.csv"
77,"75","turk10-Rotated-Inner-Multiple-rep1","75-2",NA,"13","images/filebab6108f4bc4-multiple.svg","turk10",7,"data-1-1-4-75-2-13-11.csv"
78,"75","turk10-Rotated-Inner-Single-rep1","75-2",NA,"13","images/filebab6108f4bc4-single.svg","turk10",7,"data-1-1-4-75-2-13-11.csv"
79,"75","turk10-Rotated-Outer-Single-rep1","75-2",NA,"11","images/filebab62fb7395a-single.svg","turk10",7,"data-1-1-4-75-2-13-11.csv"
80,"75","turk10-Rotated-Outer-Multiple-rep1","75-2",NA,"11","images/filebab62fb7395a-multiple.svg","turk10",7,"data-1-1-4-75-2-13-11.csv"
81,"75","turk10-Control-Inner-Single-rep1","75-2",NA,"13","images/filebab6703bf8b0-single.svg","turk10",7,"data-1-1-4-75-2-13-11.csv"
82,"75","turk10-Control-Inner-Multiple-rep1","75-2",NA,"13","images/filebab6703bf8b0-multiple.svg","turk10",7,"data-1-1-4-75-2-13-11.csv"
83,"75","turk10-Control-Outer-Multiple-rep1","75-2",NA,"11","images/filebab671442460-multiple.svg","turk10",7,"data-1-1-4-75-2-13-11.csv"
84,"75","turk10-Control-Outer-Single-rep1","75-2",NA,"11","images/filebab671442460-single.svg","turk10",7,"data-1-1-4-75-2-13-11.csv"
85,"20","turk10-Standard-Inner-Multiple-rep1","20-5",NA,"12","images/filebab62168f908-multiple.svg","turk10",8,"data-1-1-5-20-5-12-5.csv"
86,"20","turk10-Standard-Inner-Single-rep1","20-5",NA,"12","images/filebab62168f908-single.svg","turk10",8,"data-1-1-5-20-5-12-5.csv"
87,"20","turk10-Standard-Outer-Multiple-rep1","20-5",NA,"5","images/filebab672b58d5a-multiple.svg","turk10",8,"data-1-1-5-20-5-12-5.csv"
88,"20","turk10-Standard-Outer-Single-rep1","20-5",NA,"5","images/filebab672b58d5a-single.svg","turk10",8,"data-1-1-5-20-5-12-5.csv"
89,"20","turk10-Rotated-Inner-Multiple-rep1","20-5",NA,"12","images/filebab630b054b8-multiple.svg","turk10",8,"data-1-1-5-20-5-12-5.csv"
90,"20","turk10-Rotated-Inner-Single-rep1","20-5",NA,"12","images/filebab630b054b8-single.svg","turk10",8,"data-1-1-5-20-5-12-5.csv"
91,"20","turk10-Rotated-Outer-Single-rep1","20-5",NA,"5","images/filebab688a1501-single.svg","turk10",8,"data-1-1-5-20-5-12-5.csv"
92,"20","turk10-Rotated-Outer-Multiple-rep1","20-5",NA,"5","images/filebab688a1501-multiple.svg","turk10",8,"data-1-1-5-20-5-12-5.csv"
93,"20","turk10-Control-Inner-Single-rep1","20-5",NA,"12","images/filebab66d534a8b-single.svg","turk10",8,"data-1-1-5-20-5-12-5.csv"
94,"20","turk10-Control-Inner-Multiple-rep1","20-5",NA,"12","images/filebab66d534a8b-multiple.svg","turk10",8,"data-1-1-5-20-5-12-5.csv"
95,"20","turk10-Control-Outer-Multiple-rep1","20-5",NA,"5","images/filebab6774323bf-multiple.svg","turk10",8,"data-1-1-5-20-5-12-5.csv"
96,"20","turk10-Control-Outer-Single-rep1","20-5",NA,"5","images/filebab6774323bf-single.svg","turk10",8,"data-1-1-5-20-5-12-5.csv"
97,"30","turk10-Standard-Inner-Multiple-rep1","30-5",NA,"12","images/filebab63b941ec0-multiple.svg","turk10",9,"data-1-1-6-30-5-12-20.csv"
98,"30","turk10-Standard-Inner-Single-rep1","30-5",NA,"12","images/filebab63b941ec0-single.svg","turk10",9,"data-1-1-6-30-5-12-20.csv"
99,"30","turk10-Standard-Outer-Multiple-rep1","30-5",NA,"20","images/filebab6796eedce-multiple.svg","turk10",9,"data-1-1-6-30-5-12-20.csv"
100,"30","turk10-Standard-Outer-Single-rep1","30-5",NA,"20","images/filebab6796eedce-single.svg","turk10",9,"data-1-1-6-30-5-12-20.csv"
101,"30","turk10-Rotated-Inner-Multiple-rep1","30-5",NA,"12","images/filebab658e00dc4-multiple.svg","turk10",9,"data-1-1-6-30-5-12-20.csv"
102,"30","turk10-Rotated-Inner-Single-rep1","30-5",NA,"12","images/filebab658e00dc4-single.svg","turk10",9,"data-1-1-6-30-5-12-20.csv"
103,"30","turk10-Rotated-Outer-Single-rep1","30-5",NA,"20","images/filebab65da7ec71-single.svg","turk10",9,"data-1-1-6-30-5-12-20.csv"
104,"30","turk10-Rotated-Outer-Multiple-rep1","30-5",NA,"20","images/filebab65da7ec71-multiple.svg","turk10",9,"data-1-1-6-30-5-12-20.csv"
105,"30","turk10-Control-Inner-Single-rep1","30-5",NA,"12","images/filebab661beadaa-single.svg","turk10",9,"data-1-1-6-30-5-12-20.csv"
106,"30","turk10-Control-Inner-Multiple-rep1","30-5",NA,"12","images/filebab661beadaa-multiple.svg","turk10",9,"data-1-1-6-30-5-12-20.csv"
107,"30","turk10-Control-Outer-Multiple-rep1","30-5",NA,"20","images/filebab62d7ba608-multiple.svg","turk10",9,"data-1-1-6-30-5-12-20.csv"
108,"30","turk10-Control-Outer-Single-rep1","30-5",NA,"20","images/filebab62d7ba608-single.svg","turk10",9,"data-1-1-6-30-5-12-20.csv"
109,"50","turk10-Standard-Inner-Multiple-rep1","50-5",NA,"8","images/filebab673731d80-multiple.svg","turk10",10,"data-1-1-7-50-5-8-11.csv"
110,"50","turk10-Standard-Inner-Single-rep1","50-5",NA,"8","images/filebab673731d80-single.svg","turk10",10,"data-1-1-7-50-5-8-11.csv"
111,"50","turk10-Standard-Outer-Multiple-rep1","50-5",NA,"11","images/filebab6a95f9b7-multiple.svg","turk10",10,"data-1-1-7-50-5-8-11.csv"
112,"50","turk10-Standard-Outer-Single-rep1","50-5",NA,"11","images/filebab6a95f9b7-single.svg","turk10",10,"data-1-1-7-50-5-8-11.csv"
113,"50","turk10-Rotated-Inner-Multiple-rep1","50-5",NA,"8","images/filebab610d16e8c-multiple.svg","turk10",10,"data-1-1-7-50-5-8-11.csv"
114,"50","turk10-Rotated-Inner-Single-rep1","50-5",NA,"8","images/filebab610d16e8c-single.svg","turk10",10,"data-1-1-7-50-5-8-11.csv"
115,"50","turk10-Rotated-Outer-Single-rep1","50-5",NA,"11","images/filebab625b0b1f4-single.svg","turk10",10,"data-1-1-7-50-5-8-11.csv"
116,"50","turk10-Rotated-Outer-Multiple-rep1","50-5",NA,"11","images/filebab625b0b1f4-multiple.svg","turk10",10,"data-1-1-7-50-5-8-11.csv"
117,"50","turk10-Control-Inner-Single-rep1","50-5",NA,"8","images/filebab67c3d62ce-single.svg","turk10",10,"data-1-1-7-50-5-8-11.csv"
118,"50","turk10-Control-Inner-Multiple-rep1","50-5",NA,"8","images/filebab67c3d62ce-multiple.svg","turk10",10,"data-1-1-7-50-5-8-11.csv"
119,"50","turk10-Control-Outer-Multiple-rep1","50-5",NA,"11","images/filebab62222021b-multiple.svg","turk10",10,"data-1-1-7-50-5-8-11.csv"
120,"50","turk10-Control-Outer-Single-rep1","50-5",NA,"11","images/filebab62222021b-single.svg","turk10",10,"data-1-1-7-50-5-8-11.csv"
121,"75","turk10-Standard-Inner-Multiple-rep1","75-5",NA,"14","images/filebab6355692e-multiple.svg","turk10",11,"data-1-1-8-75-5-14-15.csv"
122,"75","turk10-Standard-Inner-Single-rep1","75-5",NA,"14","images/filebab6355692e-single.svg","turk10",11,"data-1-1-8-75-5-14-15.csv"
123,"75","turk10-Standard-Outer-Multiple-rep1","75-5",NA,"15","images/filebab65c6c4cb7-multiple.svg","turk10",11,"data-1-1-8-75-5-14-15.csv"
124,"75","turk10-Standard-Outer-Single-rep1","75-5",NA,"15","images/filebab65c6c4cb7-single.svg","turk10",11,"data-1-1-8-75-5-14-15.csv"
125,"75","turk10-Rotated-Inner-Multiple-rep1","75-5",NA,"14","images/filebab666b84c1e-multiple.svg","turk10",11,"data-1-1-8-75-5-14-15.csv"
126,"75","turk10-Rotated-Inner-Single-rep1","75-5",NA,"14","images/filebab666b84c1e-single.svg","turk10",11,"data-1-1-8-75-5-14-15.csv"
127,"75","turk10-Rotated-Outer-Single-rep1","75-5",NA,"15","images/filebab64d8d7a41-single.svg","turk10",11,"data-1-1-8-75-5-14-15.csv"
128,"75","turk10-Rotated-Outer-Multiple-rep1","75-5",NA,"15","images/filebab64d8d7a41-multiple.svg","turk10",11,"data-1-1-8-75-5-14-15.csv"
129,"75","turk10-Control-Inner-Single-rep1","75-5",NA,"14","images/filebab64a20b1c8-single.svg","turk10",11,"data-1-1-8-75-5-14-15.csv"
130,"75","turk10-Control-Inner-Multiple-rep1","75-5",NA,"14","images/filebab64a20b1c8-multiple.svg","turk10",11,"data-1-1-8-75-5-14-15.csv"
131,"75","turk10-Control-Outer-Multiple-rep1","75-5",NA,"15","images/filebab62877e77d-multiple.svg","turk10",11,"data-1-1-8-75-5-14-15.csv"
132,"75","turk10-Control-Outer-Single-rep1","75-5",NA,"15","images/filebab62877e77d-single.svg","turk10",11,"data-1-1-8-75-5-14-15.csv"
133,"20","turk10-Standard-Inner-Multiple-rep1","20-10",NA,"13","images/filebab6561a34a5-multiple.svg","turk10",12,"data-1-1-9-20-10-13-20.csv"
134,"20","turk10-Standard-Inner-Single-rep1","20-10",NA,"13","images/filebab6561a34a5-single.svg","turk10",12,"data-1-1-9-20-10-13-20.csv"
135,"20","turk10-Standard-Outer-Multiple-rep1","20-10",NA,"20","images/filebab6527668cc-multiple.svg","turk10",12,"data-1-1-9-20-10-13-20.csv"
136,"20","turk10-Standard-Outer-Single-rep1","20-10",NA,"20","images/filebab6527668cc-single.svg","turk10",12,"data-1-1-9-20-10-13-20.csv"
137,"20","turk10-Rotated-Inner-Multiple-rep1","20-10",NA,"13","images/filebab657fed44c-multiple.svg","turk10",12,"data-1-1-9-20-10-13-20.csv"
138,"20","turk10-Rotated-Inner-Single-rep1","20-10",NA,"13","images/filebab657fed44c-single.svg","turk10",12,"data-1-1-9-20-10-13-20.csv"
139,"20","turk10-Rotated-Outer-Single-rep1","20-10",NA,"20","images/filebab61b23f6b6-single.svg","turk10",12,"data-1-1-9-20-10-13-20.csv"
140,"20","turk10-Rotated-Outer-Multiple-rep1","20-10",NA,"20","images/filebab61b23f6b6-multiple.svg","turk10",12,"data-1-1-9-20-10-13-20.csv"
141,"20","turk10-Control-Inner-Single-rep1","20-10",NA,"13","images/filebab65bda535f-single.svg","turk10",12,"data-1-1-9-20-10-13-20.csv"
142,"20","turk10-Control-Inner-Multiple-rep1","20-10",NA,"13","images/filebab65bda535f-multiple.svg","turk10",12,"data-1-1-9-20-10-13-20.csv"
143,"20","turk10-Control-Outer-Multiple-rep1","20-10",NA,"20","images/filebab65a97b115-multiple.svg","turk10",12,"data-1-1-9-20-10-13-20.csv"
144,"20","turk10-Control-Outer-Single-rep1","20-10",NA,"20","images/filebab65a97b115-single.svg","turk10",12,"data-1-1-9-20-10-13-20.csv"
145,"20","turk10-Standard-Inner-Multiple-rep2","20-2",NA,"9","images/filebab67005fad1-multiple.svg","turk10",13,"data-1-2-13-20-2-9-5.csv"
146,"20","turk10-Standard-Inner-Single-rep2","20-2",NA,"9","images/filebab67005fad1-single.svg","turk10",13,"data-1-2-13-20-2-9-5.csv"
147,"20","turk10-Standard-Outer-Multiple-rep2","20-2",NA,"5","images/filebab61895e8cc-multiple.svg","turk10",13,"data-1-2-13-20-2-9-5.csv"
148,"20","turk10-Standard-Outer-Single-rep2","20-2",NA,"5","images/filebab61895e8cc-single.svg","turk10",13,"data-1-2-13-20-2-9-5.csv"
149,"20","turk10-Rotated-Inner-Multiple-rep2","20-2",NA,"9","images/filebab61ceb082a-multiple.svg","turk10",13,"data-1-2-13-20-2-9-5.csv"
150,"20","turk10-Rotated-Inner-Single-rep2","20-2",NA,"9","images/filebab61ceb082a-single.svg","turk10",13,"data-1-2-13-20-2-9-5.csv"
151,"20","turk10-Rotated-Outer-Single-rep2","20-2",NA,"5","images/filebab6a650c3b-single.svg","turk10",13,"data-1-2-13-20-2-9-5.csv"
152,"20","turk10-Rotated-Outer-Multiple-rep2","20-2",NA,"5","images/filebab6a650c3b-multiple.svg","turk10",13,"data-1-2-13-20-2-9-5.csv"
153,"20","turk10-Control-Inner-Single-rep2","20-2",NA,"9","images/filebab619e6b5b0-single.svg","turk10",13,"data-1-2-13-20-2-9-5.csv"
154,"20","turk10-Control-Inner-Multiple-rep2","20-2",NA,"9","images/filebab619e6b5b0-multiple.svg","turk10",13,"data-1-2-13-20-2-9-5.csv"
155,"20","turk10-Control-Outer-Multiple-rep2","20-2",NA,"5","images/filebab679a24318-multiple.svg","turk10",13,"data-1-2-13-20-2-9-5.csv"
156,"20","turk10-Control-Outer-Single-rep2","20-2",NA,"5","images/filebab679a24318-single.svg","turk10",13,"data-1-2-13-20-2-9-5.csv"
157,"30","turk10-Standard-Inner-Multiple-rep2","30-2",NA,"12","images/filebab671af3be6-multiple.svg","turk10",14,"data-1-2-14-30-2-12-1.csv"
158,"30","turk10-Standard-Inner-Single-rep2","30-2",NA,"12","images/filebab671af3be6-single.svg","turk10",14,"data-1-2-14-30-2-12-1.csv"
159,"30","turk10-Standard-Outer-Multiple-rep2","30-2",NA,"1","images/filebab62785b359-multiple.svg","turk10",14,"data-1-2-14-30-2-12-1.csv"
160,"30","turk10-Standard-Outer-Single-rep2","30-2",NA,"1","images/filebab62785b359-single.svg","turk10",14,"data-1-2-14-30-2-12-1.csv"
161,"30","turk10-Rotated-Inner-Multiple-rep2","30-2",NA,"12","images/filebab6be31b0b-multiple.svg","turk10",14,"data-1-2-14-30-2-12-1.csv"
162,"30","turk10-Rotated-Inner-Single-rep2","30-2",NA,"12","images/filebab6be31b0b-single.svg","turk10",14,"data-1-2-14-30-2-12-1.csv"
163,"30","turk10-Rotated-Outer-Single-rep2","30-2",NA,"1","images/filebab66b047545-single.svg","turk10",14,"data-1-2-14-30-2-12-1.csv"
164,"30","turk10-Rotated-Outer-Multiple-rep2","30-2",NA,"1","images/filebab66b047545-multiple.svg","turk10",14,"data-1-2-14-30-2-12-1.csv"
165,"30","turk10-Control-Inner-Single-rep2","30-2",NA,"12","images/filebab63ac1ac54-single.svg","turk10",14,"data-1-2-14-30-2-12-1.csv"
166,"30","turk10-Control-Inner-Multiple-rep2","30-2",NA,"12","images/filebab63ac1ac54-multiple.svg","turk10",14,"data-1-2-14-30-2-12-1.csv"
167,"30","turk10-Control-Outer-Multiple-rep2","30-2",NA,"1","images/filebab6118dcef-multiple.svg","turk10",14,"data-1-2-14-30-2-12-1.csv"
168,"30","turk10-Control-Outer-Single-rep2","30-2",NA,"1","images/filebab6118dcef-single.svg","turk10",14,"data-1-2-14-30-2-12-1.csv"
169,"50","turk10-Standard-Inner-Multiple-rep2","50-2",NA,"13","images/filebab632311351-multiple.svg","turk10",15,"data-1-2-15-50-2-13-6.csv"
170,"50","turk10-Standard-Inner-Single-rep2","50-2",NA,"13","images/filebab632311351-single.svg","turk10",15,"data-1-2-15-50-2-13-6.csv"
171,"50","turk10-Standard-Outer-Multiple-rep2","50-2",NA,"6","images/filebab633eb4495-multiple.svg","turk10",15,"data-1-2-15-50-2-13-6.csv"
172,"50","turk10-Standard-Outer-Single-rep2","50-2",NA,"6","images/filebab633eb4495-single.svg","turk10",15,"data-1-2-15-50-2-13-6.csv"
173,"50","turk10-Rotated-Inner-Multiple-rep2","50-2",NA,"13","images/filebab6750cf79-multiple.svg","turk10",15,"data-1-2-15-50-2-13-6.csv"
174,"50","turk10-Rotated-Inner-Single-rep2","50-2",NA,"13","images/filebab6750cf79-single.svg","turk10",15,"data-1-2-15-50-2-13-6.csv"
175,"50","turk10-Rotated-Outer-Single-rep2","50-2",NA,"6","images/filebab64a6514af-single.svg","turk10",15,"data-1-2-15-50-2-13-6.csv"
176,"50","turk10-Rotated-Outer-Multiple-rep2","50-2",NA,"6","images/filebab64a6514af-multiple.svg","turk10",15,"data-1-2-15-50-2-13-6.csv"
177,"50","turk10-Control-Inner-Single-rep2","50-2",NA,"13","images/filebab61ae3acd4-single.svg","turk10",15,"data-1-2-15-50-2-13-6.csv"
178,"50","turk10-Control-Inner-Multiple-rep2","50-2",NA,"13","images/filebab61ae3acd4-multiple.svg","turk10",15,"data-1-2-15-50-2-13-6.csv"
179,"50","turk10-Control-Outer-Multiple-rep2","50-2",NA,"6","images/filebab65967a016-multiple.svg","turk10",15,"data-1-2-15-50-2-13-6.csv"
180,"50","turk10-Control-Outer-Single-rep2","50-2",NA,"6","images/filebab65967a016-single.svg","turk10",15,"data-1-2-15-50-2-13-6.csv"
181,"75","turk10-Standard-Inner-Multiple-rep2","75-2",NA,"14","images/filebab65bad7d98-multiple.svg","turk10",16,"data-1-2-16-75-2-14-17.csv"
182,"75","turk10-Standard-Inner-Single-rep2","75-2",NA,"14","images/filebab65bad7d98-single.svg","turk10",16,"data-1-2-16-75-2-14-17.csv"
183,"75","turk10-Standard-Outer-Multiple-rep2","75-2",NA,"17","images/filebab65b10b52d-multiple.svg","turk10",16,"data-1-2-16-75-2-14-17.csv"
184,"75","turk10-Standard-Outer-Single-rep2","75-2",NA,"17","images/filebab65b10b52d-single.svg","turk10",16,"data-1-2-16-75-2-14-17.csv"
185,"75","turk10-Rotated-Inner-Multiple-rep2","75-2",NA,"14","images/filebab6223f3235-multiple.svg","turk10",16,"data-1-2-16-75-2-14-17.csv"
186,"75","turk10-Rotated-Inner-Single-rep2","75-2",NA,"14","images/filebab6223f3235-single.svg","turk10",16,"data-1-2-16-75-2-14-17.csv"
187,"75","turk10-Rotated-Outer-Single-rep2","75-2",NA,"17","images/filebab662f94723-single.svg","turk10",16,"data-1-2-16-75-2-14-17.csv"
188,"75","turk10-Rotated-Outer-Multiple-rep2","75-2",NA,"17","images/filebab662f94723-multiple.svg","turk10",16,"data-1-2-16-75-2-14-17.csv"
189,"75","turk10-Control-Inner-Single-rep2","75-2",NA,"14","images/filebab625e6cc10-single.svg","turk10",16,"data-1-2-16-75-2-14-17.csv"
190,"75","turk10-Control-Inner-Multiple-rep2","75-2",NA,"14","images/filebab625e6cc10-multiple.svg","turk10",16,"data-1-2-16-75-2-14-17.csv"
191,"75","turk10-Control-Outer-Multiple-rep2","75-2",NA,"17","images/filebab6535f41e0-multiple.svg","turk10",16,"data-1-2-16-75-2-14-17.csv"
192,"75","turk10-Control-Outer-Single-rep2","75-2",NA,"17","images/filebab6535f41e0-single.svg","turk10",16,"data-1-2-16-75-2-14-17.csv"
193,"20","turk10-Standard-Inner-Multiple-rep2","20-5",NA,"8","images/filebab62206b0e-multiple.svg","turk10",17,"data-1-2-17-20-5-8-2.csv"
194,"20","turk10-Standard-Inner-Single-rep2","20-5",NA,"8","images/filebab62206b0e-single.svg","turk10",17,"data-1-2-17-20-5-8-2.csv"
195,"20","turk10-Standard-Outer-Multiple-rep2","20-5",NA,"2","images/filebab61e546539-multiple.svg","turk10",17,"data-1-2-17-20-5-8-2.csv"
196,"20","turk10-Standard-Outer-Single-rep2","20-5",NA,"2","images/filebab61e546539-single.svg","turk10",17,"data-1-2-17-20-5-8-2.csv"
197,"20","turk10-Rotated-Inner-Multiple-rep2","20-5",NA,"8","images/filebab612de03e3-multiple.svg","turk10",17,"data-1-2-17-20-5-8-2.csv"
198,"20","turk10-Rotated-Inner-Single-rep2","20-5",NA,"8","images/filebab612de03e3-single.svg","turk10",17,"data-1-2-17-20-5-8-2.csv"
199,"20","turk10-Rotated-Outer-Single-rep2","20-5",NA,"2","images/filebab62dd135c2-single.svg","turk10",17,"data-1-2-17-20-5-8-2.csv"
200,"20","turk10-Rotated-Outer-Multiple-rep2","20-5",NA,"2","images/filebab62dd135c2-multiple.svg","turk10",17,"data-1-2-17-20-5-8-2.csv"
201,"20","turk10-Control-Inner-Single-rep2","20-5",NA,"8","images/filebab636c190bd-single.svg","turk10",17,"data-1-2-17-20-5-8-2.csv"
202,"20","turk10-Control-Inner-Multiple-rep2","20-5",NA,"8","images/filebab636c190bd-multiple.svg","turk10",17,"data-1-2-17-20-5-8-2.csv"
203,"20","turk10-Control-Outer-Multiple-rep2","20-5",NA,"2","images/filebab65e058460-multiple.svg","turk10",17,"data-1-2-17-20-5-8-2.csv"
204,"20","turk10-Control-Outer-Single-rep2","20-5",NA,"2","images/filebab65e058460-single.svg","turk10",17,"data-1-2-17-20-5-8-2.csv"
205,"30","turk10-Standard-Inner-Multiple-rep2","30-5",NA,"9","images/filebab64f48c382-multiple.svg","turk10",18,"data-1-2-18-30-5-9-15.csv"
206,"30","turk10-Standard-Inner-Single-rep2","30-5",NA,"9","images/filebab64f48c382-single.svg","turk10",18,"data-1-2-18-30-5-9-15.csv"
207,"30","turk10-Standard-Outer-Multiple-rep2","30-5",NA,"15","images/filebab6321bb478-multiple.svg","turk10",18,"data-1-2-18-30-5-9-15.csv"
208,"30","turk10-Standard-Outer-Single-rep2","30-5",NA,"15","images/filebab6321bb478-single.svg","turk10",18,"data-1-2-18-30-5-9-15.csv"
209,"30","turk10-Rotated-Inner-Multiple-rep2","30-5",NA,"9","images/filebab63c35ead9-multiple.svg","turk10",18,"data-1-2-18-30-5-9-15.csv"
210,"30","turk10-Rotated-Inner-Single-rep2","30-5",NA,"9","images/filebab63c35ead9-single.svg","turk10",18,"data-1-2-18-30-5-9-15.csv"
211,"30","turk10-Rotated-Outer-Single-rep2","30-5",NA,"15","images/filebab677cd6b70-single.svg","turk10",18,"data-1-2-18-30-5-9-15.csv"
212,"30","turk10-Rotated-Outer-Multiple-rep2","30-5",NA,"15","images/filebab677cd6b70-multiple.svg","turk10",18,"data-1-2-18-30-5-9-15.csv"
213,"30","turk10-Control-Inner-Single-rep2","30-5",NA,"9","images/filebab638e54bfb-single.svg","turk10",18,"data-1-2-18-30-5-9-15.csv"
214,"30","turk10-Control-Inner-Multiple-rep2","30-5",NA,"9","images/filebab638e54bfb-multiple.svg","turk10",18,"data-1-2-18-30-5-9-15.csv"
215,"30","turk10-Control-Outer-Multiple-rep2","30-5",NA,"15","images/filebab655df68eb-multiple.svg","turk10",18,"data-1-2-18-30-5-9-15.csv"
216,"30","turk10-Control-Outer-Single-rep2","30-5",NA,"15","images/filebab655df68eb-single.svg","turk10",18,"data-1-2-18-30-5-9-15.csv"
217,"50","turk10-Standard-Inner-Multiple-rep2","50-5",NA,"9","images/filebab645bd9b41-multiple.svg","turk10",19,"data-1-2-19-50-5-9-2.csv"
218,"50","turk10-Standard-Inner-Single-rep2","50-5",NA,"9","images/filebab645bd9b41-single.svg","turk10",19,"data-1-2-19-50-5-9-2.csv"
219,"50","turk10-Standard-Outer-Multiple-rep2","50-5",NA,"2","images/filebab6231bec2c-multiple.svg","turk10",19,"data-1-2-19-50-5-9-2.csv"
220,"50","turk10-Standard-Outer-Single-rep2","50-5",NA,"2","images/filebab6231bec2c-single.svg","turk10",19,"data-1-2-19-50-5-9-2.csv"
221,"50","turk10-Rotated-Inner-Multiple-rep2","50-5",NA,"9","images/filebab63e614858-multiple.svg","turk10",19,"data-1-2-19-50-5-9-2.csv"
222,"50","turk10-Rotated-Inner-Single-rep2","50-5",NA,"9","images/filebab63e614858-single.svg","turk10",19,"data-1-2-19-50-5-9-2.csv"
223,"50","turk10-Rotated-Outer-Single-rep2","50-5",NA,"2","images/filebab664d4a966-single.svg","turk10",19,"data-1-2-19-50-5-9-2.csv"
224,"50","turk10-Rotated-Outer-Multiple-rep2","50-5",NA,"2","images/filebab664d4a966-multiple.svg","turk10",19,"data-1-2-19-50-5-9-2.csv"
225,"50","turk10-Control-Inner-Single-rep2","50-5",NA,"9","images/filebab67e2e4eb5-single.svg","turk10",19,"data-1-2-19-50-5-9-2.csv"
226,"50","turk10-Control-Inner-Multiple-rep2","50-5",NA,"9","images/filebab67e2e4eb5-multiple.svg","turk10",19,"data-1-2-19-50-5-9-2.csv"
227,"50","turk10-Control-Outer-Multiple-rep2","50-5",NA,"2","images/filebab612318dcb-multiple.svg","turk10",19,"data-1-2-19-50-5-9-2.csv"
228,"50","turk10-Control-Outer-Single-rep2","50-5",NA,"2","images/filebab612318dcb-single.svg","turk10",19,"data-1-2-19-50-5-9-2.csv"
229,"75","turk10-Standard-Inner-Multiple-rep2","75-5",NA,"8","images/filebab64121dad5-multiple.svg","turk10",20,"data-1-2-20-75-5-8-3.csv"
230,"75","turk10-Standard-Inner-Single-rep2","75-5",NA,"8","images/filebab64121dad5-single.svg","turk10",20,"data-1-2-20-75-5-8-3.csv"
231,"75","turk10-Standard-Outer-Multiple-rep2","75-5",NA,"3","images/filebab615a5f75b-multiple.svg","turk10",20,"data-1-2-20-75-5-8-3.csv"
232,"75","turk10-Standard-Outer-Single-rep2","75-5",NA,"3","images/filebab615a5f75b-single.svg","turk10",20,"data-1-2-20-75-5-8-3.csv"
233,"75","turk10-Rotated-Inner-Multiple-rep2","75-5",NA,"8","images/filebab6735413c1-multiple.svg","turk10",20,"data-1-2-20-75-5-8-3.csv"
234,"75","turk10-Rotated-Inner-Single-rep2","75-5",NA,"8","images/filebab6735413c1-single.svg","turk10",20,"data-1-2-20-75-5-8-3.csv"
235,"75","turk10-Rotated-Outer-Single-rep2","75-5",NA,"3","images/filebab614dd1f0e-single.svg","turk10",20,"data-1-2-20-75-5-8-3.csv"
236,"75","turk10-Rotated-Outer-Multiple-rep2","75-5",NA,"3","images/filebab614dd1f0e-multiple.svg","turk10",20,"data-1-2-20-75-5-8-3.csv"
237,"75","turk10-Control-Inner-Single-rep2","75-5",NA,"8","images/filebab643128277-single.svg","turk10",20,"data-1-2-20-75-5-8-3.csv"
238,"75","turk10-Control-Inner-Multiple-rep2","75-5",NA,"8","images/filebab643128277-multiple.svg","turk10",20,"data-1-2-20-75-5-8-3.csv"
239,"75","turk10-Control-Outer-Multiple-rep2","75-5",NA,"3","images/filebab674337507-multiple.svg","turk10",20,"data-1-2-20-75-5-8-3.csv"
240,"75","turk10-Control-Outer-Single-rep2","75-5",NA,"3","images/filebab674337507-single.svg","turk10",20,"data-1-2-20-75-5-8-3.csv"
241,"20","turk10-Standard-Inner-Multiple-rep2","20-10",NA,"12","images/filebab6320d3d30-multiple.svg","turk10",21,"data-1-2-21-20-10-12-18.csv"
242,"20","turk10-Standard-Inner-Single-rep2","20-10",NA,"12","images/filebab6320d3d30-single.svg","turk10",21,"data-1-2-21-20-10-12-18.csv"
243,"20","turk10-Standard-Outer-Multiple-rep2","20-10",NA,"18","images/filebab632c33fc-multiple.svg","turk10",21,"data-1-2-21-20-10-12-18.csv"
244,"20","turk10-Standard-Outer-Single-rep2","20-10",NA,"18","images/filebab632c33fc-single.svg","turk10",21,"data-1-2-21-20-10-12-18.csv"
245,"20","turk10-Rotated-Inner-Multiple-rep2","20-10",NA,"12","images/filebab65e485a2a-multiple.svg","turk10",21,"data-1-2-21-20-10-12-18.csv"
246,"20","turk10-Rotated-Inner-Single-rep2","20-10",NA,"12","images/filebab65e485a2a-single.svg","turk10",21,"data-1-2-21-20-10-12-18.csv"
247,"20","turk10-Rotated-Outer-Single-rep2","20-10",NA,"18","images/filebab66017abc1-single.svg","turk10",21,"data-1-2-21-20-10-12-18.csv"
248,"20","turk10-Rotated-Outer-Multiple-rep2","20-10",NA,"18","images/filebab66017abc1-multiple.svg","turk10",21,"data-1-2-21-20-10-12-18.csv"
249,"20","turk10-Control-Inner-Single-rep2","20-10",NA,"12","images/filebab64b08e704-single.svg","turk10",21,"data-1-2-21-20-10-12-18.csv"
250,"20","turk10-Control-Inner-Multiple-rep2","20-10",NA,"12","images/filebab64b08e704-multiple.svg","turk10",21,"data-1-2-21-20-10-12-18.csv"
251,"20","turk10-Control-Outer-Multiple-rep2","20-10",NA,"18","images/filebab63576de18-multiple.svg","turk10",21,"data-1-2-21-20-10-12-18.csv"
252,"20","turk10-Control-Outer-Single-rep2","20-10",NA,"18","images/filebab63576de18-single.svg","turk10",21,"data-1-2-21-20-10-12-18.csv"
253,"30","turk10-Standard-Inner-Multiple-rep2","30-10",NA,"14","images/filebab61a88410e-multiple.svg","turk10",22,"data-1-2-22-30-10-14-11.csv"
254,"30","turk10-Standard-Inner-Single-rep2","30-10",NA,"14","images/filebab61a88410e-single.svg","turk10",22,"data-1-2-22-30-10-14-11.csv"
255,"30","turk10-Standard-Outer-Multiple-rep2","30-10",NA,"11","images/filebab667670bbd-multiple.svg","turk10",22,"data-1-2-22-30-10-14-11.csv"
256,"30","turk10-Standard-Outer-Single-rep2","30-10",NA,"11","images/filebab667670bbd-single.svg","turk10",22,"data-1-2-22-30-10-14-11.csv"
257,"30","turk10-Rotated-Inner-Multiple-rep2","30-10",NA,"14","images/filebab6eef1514-multiple.svg","turk10",22,"data-1-2-22-30-10-14-11.csv"
258,"30","turk10-Rotated-Inner-Single-rep2","30-10",NA,"14","images/filebab6eef1514-single.svg","turk10",22,"data-1-2-22-30-10-14-11.csv"
259,"30","turk10-Rotated-Outer-Single-rep2","30-10",NA,"11","images/filebab67250dbb4-single.svg","turk10",22,"data-1-2-22-30-10-14-11.csv"
260,"30","turk10-Rotated-Outer-Multiple-rep2","30-10",NA,"11","images/filebab67250dbb4-multiple.svg","turk10",22,"data-1-2-22-30-10-14-11.csv"
261,"30","turk10-Control-Inner-Single-rep2","30-10",NA,"14","images/filebab61e33da54-single.svg","turk10",22,"data-1-2-22-30-10-14-11.csv"
262,"30","turk10-Control-Inner-Multiple-rep2","30-10",NA,"14","images/filebab61e33da54-multiple.svg","turk10",22,"data-1-2-22-30-10-14-11.csv"
263,"30","turk10-Control-Outer-Multiple-rep2","30-10",NA,"11","images/filebab65e42d049-multiple.svg","turk10",22,"data-1-2-22-30-10-14-11.csv"
264,"30","turk10-Control-Outer-Single-rep2","30-10",NA,"11","images/filebab65e42d049-single.svg","turk10",22,"data-1-2-22-30-10-14-11.csv"
265,"50","turk10-Standard-Inner-Multiple-rep2","50-10",NA,"8","images/filebab655fbf8e7-multiple.svg","turk10",23,"data-1-2-23-50-10-8-10.csv"
266,"50","turk10-Standard-Inner-Single-rep2","50-10",NA,"8","images/filebab655fbf8e7-single.svg","turk10",23,"data-1-2-23-50-10-8-10.csv"
267,"50","turk10-Standard-Outer-Multiple-rep2","50-10",NA,"10","images/filebab6119231cb-multiple.svg","turk10",23,"data-1-2-23-50-10-8-10.csv"
268,"50","turk10-Standard-Outer-Single-rep2","50-10",NA,"10","images/filebab6119231cb-single.svg","turk10",23,"data-1-2-23-50-10-8-10.csv"
269,"50","turk10-Rotated-Inner-Multiple-rep2","50-10",NA,"8","images/filebab6747898f7-multiple.svg","turk10",23,"data-1-2-23-50-10-8-10.csv"
270,"50","turk10-Rotated-Inner-Single-rep2","50-10",NA,"8","images/filebab6747898f7-single.svg","turk10",23,"data-1-2-23-50-10-8-10.csv"
271,"50","turk10-Rotated-Outer-Single-rep2","50-10",NA,"10","images/filebab61982bbde-single.svg","turk10",23,"data-1-2-23-50-10-8-10.csv"
272,"50","turk10-Rotated-Outer-Multiple-rep2","50-10",NA,"10","images/filebab61982bbde-multiple.svg","turk10",23,"data-1-2-23-50-10-8-10.csv"
273,"50","turk10-Control-Inner-Single-rep2","50-10",NA,"8","images/filebab615030f70-single.svg","turk10",23,"data-1-2-23-50-10-8-10.csv"
274,"50","turk10-Control-Inner-Multiple-rep2","50-10",NA,"8","images/filebab615030f70-multiple.svg","turk10",23,"data-1-2-23-50-10-8-10.csv"
275,"50","turk10-Control-Outer-Multiple-rep2","50-10",NA,"10","images/filebab67bea8cd6-multiple.svg","turk10",23,"data-1-2-23-50-10-8-10.csv"
276,"50","turk10-Control-Outer-Single-rep2","50-10",NA,"10","images/filebab67bea8cd6-single.svg","turk10",23,"data-1-2-23-50-10-8-10.csv"
277,"75","turk10-Standard-Inner-Multiple-rep2","75-10",NA,"7","images/filebab66b0ce3b1-multiple.svg","turk10",24,"data-1-2-24-75-10-7-6.csv"
278,"75","turk10-Standard-Inner-Single-rep2","75-10",NA,"7","images/filebab66b0ce3b1-single.svg","turk10",24,"data-1-2-24-75-10-7-6.csv"
279,"75","turk10-Standard-Outer-Multiple-rep2","75-10",NA,"6","images/filebab61b38b05f-multiple.svg","turk10",24,"data-1-2-24-75-10-7-6.csv"
280,"75","turk10-Standard-Outer-Single-rep2","75-10",NA,"6","images/filebab61b38b05f-single.svg","turk10",24,"data-1-2-24-75-10-7-6.csv"
281,"75","turk10-Rotated-Inner-Multiple-rep2","75-10",NA,"7","images/filebab663c47528-multiple.svg","turk10",24,"data-1-2-24-75-10-7-6.csv"
282,"75","turk10-Rotated-Inner-Single-rep2","75-10",NA,"7","images/filebab663c47528-single.svg","turk10",24,"data-1-2-24-75-10-7-6.csv"
283,"75","turk10-Rotated-Outer-Single-rep2","75-10",NA,"6","images/filebab676e7c843-single.svg","turk10",24,"data-1-2-24-75-10-7-6.csv"
284,"75","turk10-Rotated-Outer-Multiple-rep2","75-10",NA,"6","images/filebab676e7c843-multiple.svg","turk10",24,"data-1-2-24-75-10-7-6.csv"
285,"75","turk10-Control-Inner-Single-rep2","75-10",NA,"7","images/filebab626c33aef-single.svg","turk10",24,"data-1-2-24-75-10-7-6.csv"
286,"75","turk10-Control-Inner-Multiple-rep2","75-10",NA,"7","images/filebab626c33aef-multiple.svg","turk10",24,"data-1-2-24-75-10-7-6.csv"
287,"75","turk10-Control-Outer-Multiple-rep2","75-10",NA,"6","images/filebab65b5234ca-multiple.svg","turk10",24,"data-1-2-24-75-10-7-6.csv"
288,"75","turk10-Control-Outer-Single-rep2","75-10",NA,"6","images/filebab65b5234ca-single.svg","turk10",24,"data-1-2-24-75-10-7-6.csv"
289,"20","turk10-Standard-Inner-Multiple-rep1","20-2",NA,"9","images/filebab6658d29aa-multiple.svg","turk10",25,"data-2-1-1-20-2-9-18.csv"
290,"20","turk10-Standard-Inner-Single-rep1","20-2",NA,"9","images/filebab6658d29aa-single.svg","turk10",25,"data-2-1-1-20-2-9-18.csv"
291,"20","turk10-Standard-Outer-Multiple-rep1","20-2",NA,"18","images/filebab616aa8bfc-multiple.svg","turk10",25,"data-2-1-1-20-2-9-18.csv"
292,"20","turk10-Standard-Outer-Single-rep1","20-2",NA,"18","images/filebab616aa8bfc-single.svg","turk10",25,"data-2-1-1-20-2-9-18.csv"
293,"20","turk10-Rotated-Inner-Multiple-rep1","20-2",NA,"9","images/filebab67207e89c-multiple.svg","turk10",25,"data-2-1-1-20-2-9-18.csv"
294,"20","turk10-Rotated-Inner-Single-rep1","20-2",NA,"9","images/filebab67207e89c-single.svg","turk10",25,"data-2-1-1-20-2-9-18.csv"
295,"20","turk10-Rotated-Outer-Single-rep1","20-2",NA,"18","images/filebab665389440-single.svg","turk10",25,"data-2-1-1-20-2-9-18.csv"
296,"20","turk10-Rotated-Outer-Multiple-rep1","20-2",NA,"18","images/filebab665389440-multiple.svg","turk10",25,"data-2-1-1-20-2-9-18.csv"
297,"20","turk10-Control-Inner-Single-rep1","20-2",NA,"9","images/filebab616cc5904-single.svg","turk10",25,"data-2-1-1-20-2-9-18.csv"
298,"20","turk10-Control-Inner-Multiple-rep1","20-2",NA,"9","images/filebab616cc5904-multiple.svg","turk10",25,"data-2-1-1-20-2-9-18.csv"
299,"20","turk10-Control-Outer-Multiple-rep1","20-2",NA,"18","images/filebab641e8214d-multiple.svg","turk10",25,"data-2-1-1-20-2-9-18.csv"
300,"20","turk10-Control-Outer-Single-rep1","20-2",NA,"18","images/filebab641e8214d-single.svg","turk10",25,"data-2-1-1-20-2-9-18.csv"
301,"30","turk10-Standard-Inner-Multiple-rep1","30-10",NA,"12","images/filebab633fba21e-multiple.svg","turk10",26,"data-2-1-10-30-10-12-10.csv"
302,"30","turk10-Standard-Inner-Single-rep1","30-10",NA,"12","images/filebab633fba21e-single.svg","turk10",26,"data-2-1-10-30-10-12-10.csv"
303,"30","turk10-Standard-Outer-Multiple-rep1","30-10",NA,"10","images/filebab64d507a3b-multiple.svg","turk10",26,"data-2-1-10-30-10-12-10.csv"
304,"30","turk10-Standard-Outer-Single-rep1","30-10",NA,"10","images/filebab64d507a3b-single.svg","turk10",26,"data-2-1-10-30-10-12-10.csv"
305,"30","turk10-Rotated-Inner-Multiple-rep1","30-10",NA,"12","images/filebab66ee26808-multiple.svg","turk10",26,"data-2-1-10-30-10-12-10.csv"
306,"30","turk10-Rotated-Inner-Single-rep1","30-10",NA,"12","images/filebab66ee26808-single.svg","turk10",26,"data-2-1-10-30-10-12-10.csv"
307,"30","turk10-Rotated-Outer-Single-rep1","30-10",NA,"10","images/filebab6521c1e17-single.svg","turk10",26,"data-2-1-10-30-10-12-10.csv"
308,"30","turk10-Rotated-Outer-Multiple-rep1","30-10",NA,"10","images/filebab6521c1e17-multiple.svg","turk10",26,"data-2-1-10-30-10-12-10.csv"
309,"30","turk10-Control-Inner-Single-rep1","30-10",NA,"12","images/filebab65e88df24-single.svg","turk10",26,"data-2-1-10-30-10-12-10.csv"
310,"30","turk10-Control-Inner-Multiple-rep1","30-10",NA,"12","images/filebab65e88df24-multiple.svg","turk10",26,"data-2-1-10-30-10-12-10.csv"
311,"30","turk10-Control-Outer-Multiple-rep1","30-10",NA,"10","images/filebab66bf1e4f8-multiple.svg","turk10",26,"data-2-1-10-30-10-12-10.csv"
312,"30","turk10-Control-Outer-Single-rep1","30-10",NA,"10","images/filebab66bf1e4f8-single.svg","turk10",26,"data-2-1-10-30-10-12-10.csv"
313,"50","turk10-Standard-Inner-Multiple-rep1","50-10",NA,"9","images/filebab64ba078c-multiple.svg","turk10",27,"data-2-1-11-50-10-9-3.csv"
314,"50","turk10-Standard-Inner-Single-rep1","50-10",NA,"9","images/filebab64ba078c-single.svg","turk10",27,"data-2-1-11-50-10-9-3.csv"
315,"50","turk10-Standard-Outer-Multiple-rep1","50-10",NA,"3","images/filebab651457ac0-multiple.svg","turk10",27,"data-2-1-11-50-10-9-3.csv"
316,"50","turk10-Standard-Outer-Single-rep1","50-10",NA,"3","images/filebab651457ac0-single.svg","turk10",27,"data-2-1-11-50-10-9-3.csv"
317,"50","turk10-Rotated-Inner-Multiple-rep1","50-10",NA,"9","images/filebab655ef8d25-multiple.svg","turk10",27,"data-2-1-11-50-10-9-3.csv"
318,"50","turk10-Rotated-Inner-Single-rep1","50-10",NA,"9","images/filebab655ef8d25-single.svg","turk10",27,"data-2-1-11-50-10-9-3.csv"
319,"50","turk10-Rotated-Outer-Single-rep1","50-10",NA,"3","images/filebab6621ba436-single.svg","turk10",27,"data-2-1-11-50-10-9-3.csv"
320,"50","turk10-Rotated-Outer-Multiple-rep1","50-10",NA,"3","images/filebab6621ba436-multiple.svg","turk10",27,"data-2-1-11-50-10-9-3.csv"
321,"50","turk10-Control-Inner-Single-rep1","50-10",NA,"9","images/filebab6287dfcef-single.svg","turk10",27,"data-2-1-11-50-10-9-3.csv"
322,"50","turk10-Control-Inner-Multiple-rep1","50-10",NA,"9","images/filebab6287dfcef-multiple.svg","turk10",27,"data-2-1-11-50-10-9-3.csv"
323,"50","turk10-Control-Outer-Multiple-rep1","50-10",NA,"3","images/filebab66768c3ad-multiple.svg","turk10",27,"data-2-1-11-50-10-9-3.csv"
324,"50","turk10-Control-Outer-Single-rep1","50-10",NA,"3","images/filebab66768c3ad-single.svg","turk10",27,"data-2-1-11-50-10-9-3.csv"
325,"75","turk10-Standard-Inner-Multiple-rep1","75-10",NA,"12","images/filebab61a140fd3-multiple.svg","turk10",28,"data-2-1-12-75-10-12-4.csv"
326,"75","turk10-Standard-Inner-Single-rep1","75-10",NA,"12","images/filebab61a140fd3-single.svg","turk10",28,"data-2-1-12-75-10-12-4.csv"
327,"75","turk10-Standard-Outer-Multiple-rep1","75-10",NA,"4","images/filebab61b1af305-multiple.svg","turk10",28,"data-2-1-12-75-10-12-4.csv"
328,"75","turk10-Standard-Outer-Single-rep1","75-10",NA,"4","images/filebab61b1af305-single.svg","turk10",28,"data-2-1-12-75-10-12-4.csv"
329,"75","turk10-Rotated-Inner-Multiple-rep1","75-10",NA,"12","images/filebab6f06c7e5-multiple.svg","turk10",28,"data-2-1-12-75-10-12-4.csv"
330,"75","turk10-Rotated-Inner-Single-rep1","75-10",NA,"12","images/filebab6f06c7e5-single.svg","turk10",28,"data-2-1-12-75-10-12-4.csv"
331,"75","turk10-Rotated-Outer-Single-rep1","75-10",NA,"4","images/filebab662d9318-single.svg","turk10",28,"data-2-1-12-75-10-12-4.csv"
332,"75","turk10-Rotated-Outer-Multiple-rep1","75-10",NA,"4","images/filebab662d9318-multiple.svg","turk10",28,"data-2-1-12-75-10-12-4.csv"
333,"75","turk10-Control-Inner-Single-rep1","75-10",NA,"12","images/filebab6648db2a-single.svg","turk10",28,"data-2-1-12-75-10-12-4.csv"
334,"75","turk10-Control-Inner-Multiple-rep1","75-10",NA,"12","images/filebab6648db2a-multiple.svg","turk10",28,"data-2-1-12-75-10-12-4.csv"
335,"75","turk10-Control-Outer-Multiple-rep1","75-10",NA,"4","images/filebab6192ca59f-multiple.svg","turk10",28,"data-2-1-12-75-10-12-4.csv"
336,"75","turk10-Control-Outer-Single-rep1","75-10",NA,"4","images/filebab6192ca59f-single.svg","turk10",28,"data-2-1-12-75-10-12-4.csv"
337,"30","turk10-Standard-Inner-Multiple-rep1","30-2",NA,"9","images/filebab66dcdd3d1-multiple.svg","turk10",29,"data-2-1-2-30-2-9-3.csv"
338,"30","turk10-Standard-Inner-Single-rep1","30-2",NA,"9","images/filebab66dcdd3d1-single.svg","turk10",29,"data-2-1-2-30-2-9-3.csv"
339,"30","turk10-Standard-Outer-Multiple-rep1","30-2",NA,"3","images/filebab6640d76a8-multiple.svg","turk10",29,"data-2-1-2-30-2-9-3.csv"
340,"30","turk10-Standard-Outer-Single-rep1","30-2",NA,"3","images/filebab6640d76a8-single.svg","turk10",29,"data-2-1-2-30-2-9-3.csv"
341,"30","turk10-Rotated-Inner-Multiple-rep1","30-2",NA,"9","images/filebab6422d76a2-multiple.svg","turk10",29,"data-2-1-2-30-2-9-3.csv"
342,"30","turk10-Rotated-Inner-Single-rep1","30-2",NA,"9","images/filebab6422d76a2-single.svg","turk10",29,"data-2-1-2-30-2-9-3.csv"
343,"30","turk10-Rotated-Outer-Single-rep1","30-2",NA,"3","images/filebab636c7a79f-single.svg","turk10",29,"data-2-1-2-30-2-9-3.csv"
344,"30","turk10-Rotated-Outer-Multiple-rep1","30-2",NA,"3","images/filebab636c7a79f-multiple.svg","turk10",29,"data-2-1-2-30-2-9-3.csv"
345,"30","turk10-Control-Inner-Single-rep1","30-2",NA,"9","images/filebab62fe942e9-single.svg","turk10",29,"data-2-1-2-30-2-9-3.csv"
346,"30","turk10-Control-Inner-Multiple-rep1","30-2",NA,"9","images/filebab62fe942e9-multiple.svg","turk10",29,"data-2-1-2-30-2-9-3.csv"
347,"30","turk10-Control-Outer-Multiple-rep1","30-2",NA,"3","images/filebab67b27e791-multiple.svg","turk10",29,"data-2-1-2-30-2-9-3.csv"
348,"30","turk10-Control-Outer-Single-rep1","30-2",NA,"3","images/filebab67b27e791-single.svg","turk10",29,"data-2-1-2-30-2-9-3.csv"
349,"50","turk10-Standard-Inner-Multiple-rep1","50-2",NA,"13","images/filebab67a1e5cf1-multiple.svg","turk10",30,"data-2-1-3-50-2-13-4.csv"
350,"50","turk10-Standard-Inner-Single-rep1","50-2",NA,"13","images/filebab67a1e5cf1-single.svg","turk10",30,"data-2-1-3-50-2-13-4.csv"
351,"50","turk10-Standard-Outer-Multiple-rep1","50-2",NA,"4","images/filebab65f6810d9-multiple.svg","turk10",30,"data-2-1-3-50-2-13-4.csv"
352,"50","turk10-Standard-Outer-Single-rep1","50-2",NA,"4","images/filebab65f6810d9-single.svg","turk10",30,"data-2-1-3-50-2-13-4.csv"
353,"50","turk10-Rotated-Inner-Multiple-rep1","50-2",NA,"13","images/filebab678d41fc1-multiple.svg","turk10",30,"data-2-1-3-50-2-13-4.csv"
354,"50","turk10-Rotated-Inner-Single-rep1","50-2",NA,"13","images/filebab678d41fc1-single.svg","turk10",30,"data-2-1-3-50-2-13-4.csv"
355,"50","turk10-Rotated-Outer-Single-rep1","50-2",NA,"4","images/filebab62e70f5e0-single.svg","turk10",30,"data-2-1-3-50-2-13-4.csv"
356,"50","turk10-Rotated-Outer-Multiple-rep1","50-2",NA,"4","images/filebab62e70f5e0-multiple.svg","turk10",30,"data-2-1-3-50-2-13-4.csv"
357,"50","turk10-Control-Inner-Single-rep1","50-2",NA,"13","images/filebab6292a477e-single.svg","turk10",30,"data-2-1-3-50-2-13-4.csv"
358,"50","turk10-Control-Inner-Multiple-rep1","50-2",NA,"13","images/filebab6292a477e-multiple.svg","turk10",30,"data-2-1-3-50-2-13-4.csv"
359,"50","turk10-Control-Outer-Multiple-rep1","50-2",NA,"4","images/filebab616bbb64f-multiple.svg","turk10",30,"data-2-1-3-50-2-13-4.csv"
360,"50","turk10-Control-Outer-Single-rep1","50-2",NA,"4","images/filebab616bbb64f-single.svg","turk10",30,"data-2-1-3-50-2-13-4.csv"
361,"75","turk10-Standard-Inner-Multiple-rep1","75-2",NA,"7","images/filebab6674104c3-multiple.svg","turk10",31,"data-2-1-4-75-2-7-6.csv"
362,"75","turk10-Standard-Inner-Single-rep1","75-2",NA,"7","images/filebab6674104c3-single.svg","turk10",31,"data-2-1-4-75-2-7-6.csv"
363,"75","turk10-Standard-Outer-Multiple-rep1","75-2",NA,"6","images/filebab65d9fd32a-multiple.svg","turk10",31,"data-2-1-4-75-2-7-6.csv"
364,"75","turk10-Standard-Outer-Single-rep1","75-2",NA,"6","images/filebab65d9fd32a-single.svg","turk10",31,"data-2-1-4-75-2-7-6.csv"
365,"75","turk10-Rotated-Inner-Multiple-rep1","75-2",NA,"7","images/filebab67dbe0831-multiple.svg","turk10",31,"data-2-1-4-75-2-7-6.csv"
366,"75","turk10-Rotated-Inner-Single-rep1","75-2",NA,"7","images/filebab67dbe0831-single.svg","turk10",31,"data-2-1-4-75-2-7-6.csv"
367,"75","turk10-Rotated-Outer-Single-rep1","75-2",NA,"6","images/filebab6470c0975-single.svg","turk10",31,"data-2-1-4-75-2-7-6.csv"
368,"75","turk10-Rotated-Outer-Multiple-rep1","75-2",NA,"6","images/filebab6470c0975-multiple.svg","turk10",31,"data-2-1-4-75-2-7-6.csv"
369,"75","turk10-Control-Inner-Single-rep1","75-2",NA,"7","images/filebab627e09a6b-single.svg","turk10",31,"data-2-1-4-75-2-7-6.csv"
370,"75","turk10-Control-Inner-Multiple-rep1","75-2",NA,"7","images/filebab627e09a6b-multiple.svg","turk10",31,"data-2-1-4-75-2-7-6.csv"
371,"75","turk10-Control-Outer-Multiple-rep1","75-2",NA,"6","images/filebab6ab9fb41-multiple.svg","turk10",31,"data-2-1-4-75-2-7-6.csv"
372,"75","turk10-Control-Outer-Single-rep1","75-2",NA,"6","images/filebab6ab9fb41-single.svg","turk10",31,"data-2-1-4-75-2-7-6.csv"
373,"20","turk10-Standard-Inner-Multiple-rep1","20-5",NA,"8","images/filebab6100786eb-multiple.svg","turk10",32,"data-2-1-5-20-5-8-4.csv"
374,"20","turk10-Standard-Inner-Single-rep1","20-5",NA,"8","images/filebab6100786eb-single.svg","turk10",32,"data-2-1-5-20-5-8-4.csv"
375,"20","turk10-Standard-Outer-Multiple-rep1","20-5",NA,"4","images/filebab65e2ab685-multiple.svg","turk10",32,"data-2-1-5-20-5-8-4.csv"
376,"20","turk10-Standard-Outer-Single-rep1","20-5",NA,"4","images/filebab65e2ab685-single.svg","turk10",32,"data-2-1-5-20-5-8-4.csv"
377,"20","turk10-Rotated-Inner-Multiple-rep1","20-5",NA,"8","images/filebab6381e6de7-multiple.svg","turk10",32,"data-2-1-5-20-5-8-4.csv"
378,"20","turk10-Rotated-Inner-Single-rep1","20-5",NA,"8","images/filebab6381e6de7-single.svg","turk10",32,"data-2-1-5-20-5-8-4.csv"
379,"20","turk10-Rotated-Outer-Single-rep1","20-5",NA,"4","images/filebab655c17579-single.svg","turk10",32,"data-2-1-5-20-5-8-4.csv"
380,"20","turk10-Rotated-Outer-Multiple-rep1","20-5",NA,"4","images/filebab655c17579-multiple.svg","turk10",32,"data-2-1-5-20-5-8-4.csv"
381,"20","turk10-Control-Inner-Single-rep1","20-5",NA,"8","images/filebab64635060f-single.svg","turk10",32,"data-2-1-5-20-5-8-4.csv"
382,"20","turk10-Control-Inner-Multiple-rep1","20-5",NA,"8","images/filebab64635060f-multiple.svg","turk10",32,"data-2-1-5-20-5-8-4.csv"
383,"20","turk10-Control-Outer-Multiple-rep1","20-5",NA,"4","images/filebab64320e6cb-multiple.svg","turk10",32,"data-2-1-5-20-5-8-4.csv"
384,"20","turk10-Control-Outer-Single-rep1","20-5",NA,"4","images/filebab64320e6cb-single.svg","turk10",32,"data-2-1-5-20-5-8-4.csv"
385,"30","turk10-Standard-Inner-Multiple-rep1","30-5",NA,"14","images/filebab64fca06db-multiple.svg","turk10",33,"data-2-1-6-30-5-14-15.csv"
386,"30","turk10-Standard-Inner-Single-rep1","30-5",NA,"14","images/filebab64fca06db-single.svg","turk10",33,"data-2-1-6-30-5-14-15.csv"
387,"30","turk10-Standard-Outer-Multiple-rep1","30-5",NA,"15","images/filebab658883cc9-multiple.svg","turk10",33,"data-2-1-6-30-5-14-15.csv"
388,"30","turk10-Standard-Outer-Single-rep1","30-5",NA,"15","images/filebab658883cc9-single.svg","turk10",33,"data-2-1-6-30-5-14-15.csv"
389,"30","turk10-Rotated-Inner-Multiple-rep1","30-5",NA,"14","images/filebab625103bdb-multiple.svg","turk10",33,"data-2-1-6-30-5-14-15.csv"
390,"30","turk10-Rotated-Inner-Single-rep1","30-5",NA,"14","images/filebab625103bdb-single.svg","turk10",33,"data-2-1-6-30-5-14-15.csv"
391,"30","turk10-Rotated-Outer-Single-rep1","30-5",NA,"15","images/filebab64cc9b9df-single.svg","turk10",33,"data-2-1-6-30-5-14-15.csv"
392,"30","turk10-Rotated-Outer-Multiple-rep1","30-5",NA,"15","images/filebab64cc9b9df-multiple.svg","turk10",33,"data-2-1-6-30-5-14-15.csv"
393,"30","turk10-Control-Inner-Single-rep1","30-5",NA,"14","images/filebab6584edd87-single.svg","turk10",33,"data-2-1-6-30-5-14-15.csv"
394,"30","turk10-Control-Inner-Multiple-rep1","30-5",NA,"14","images/filebab6584edd87-multiple.svg","turk10",33,"data-2-1-6-30-5-14-15.csv"
395,"30","turk10-Control-Outer-Multiple-rep1","30-5",NA,"15","images/filebab621b1f75c-multiple.svg","turk10",33,"data-2-1-6-30-5-14-15.csv"
396,"30","turk10-Control-Outer-Single-rep1","30-5",NA,"15","images/filebab621b1f75c-single.svg","turk10",33,"data-2-1-6-30-5-14-15.csv"
397,"50","turk10-Standard-Inner-Multiple-rep1","50-5",NA,"7","images/filebab6e465071-multiple.svg","turk10",34,"data-2-1-7-50-5-7-5.csv"
398,"50","turk10-Standard-Inner-Single-rep1","50-5",NA,"7","images/filebab6e465071-single.svg","turk10",34,"data-2-1-7-50-5-7-5.csv"
399,"50","turk10-Standard-Outer-Multiple-rep1","50-5",NA,"5","images/filebab62a4b3209-multiple.svg","turk10",34,"data-2-1-7-50-5-7-5.csv"
400,"50","turk10-Standard-Outer-Single-rep1","50-5",NA,"5","images/filebab62a4b3209-single.svg","turk10",34,"data-2-1-7-50-5-7-5.csv"
401,"50","turk10-Rotated-Inner-Multiple-rep1","50-5",NA,"7","images/filebab62ae6ca4c-multiple.svg","turk10",34,"data-2-1-7-50-5-7-5.csv"
402,"50","turk10-Rotated-Inner-Single-rep1","50-5",NA,"7","images/filebab62ae6ca4c-single.svg","turk10",34,"data-2-1-7-50-5-7-5.csv"
403,"50","turk10-Rotated-Outer-Single-rep1","50-5",NA,"5","images/filebab615eb5995-single.svg","turk10",34,"data-2-1-7-50-5-7-5.csv"
404,"50","turk10-Rotated-Outer-Multiple-rep1","50-5",NA,"5","images/filebab615eb5995-multiple.svg","turk10",34,"data-2-1-7-50-5-7-5.csv"
405,"50","turk10-Control-Inner-Single-rep1","50-5",NA,"7","images/filebab62ec20290-single.svg","turk10",34,"data-2-1-7-50-5-7-5.csv"
406,"50","turk10-Control-Inner-Multiple-rep1","50-5",NA,"7","images/filebab62ec20290-multiple.svg","turk10",34,"data-2-1-7-50-5-7-5.csv"
407,"50","turk10-Control-Outer-Multiple-rep1","50-5",NA,"5","images/filebab6433653eb-multiple.svg","turk10",34,"data-2-1-7-50-5-7-5.csv"
408,"50","turk10-Control-Outer-Single-rep1","50-5",NA,"5","images/filebab6433653eb-single.svg","turk10",34,"data-2-1-7-50-5-7-5.csv"
409,"75","turk10-Standard-Inner-Multiple-rep1","75-5",NA,"14","images/filebab649353792-multiple.svg","turk10",35,"data-2-1-8-75-5-14-18.csv"
410,"75","turk10-Standard-Inner-Single-rep1","75-5",NA,"14","images/filebab649353792-single.svg","turk10",35,"data-2-1-8-75-5-14-18.csv"
411,"75","turk10-Standard-Outer-Multiple-rep1","75-5",NA,"18","images/filebab644d377ca-multiple.svg","turk10",35,"data-2-1-8-75-5-14-18.csv"
412,"75","turk10-Standard-Outer-Single-rep1","75-5",NA,"18","images/filebab644d377ca-single.svg","turk10",35,"data-2-1-8-75-5-14-18.csv"
413,"75","turk10-Rotated-Inner-Multiple-rep1","75-5",NA,"14","images/filebab623bf8bc6-multiple.svg","turk10",35,"data-2-1-8-75-5-14-18.csv"
414,"75","turk10-Rotated-Inner-Single-rep1","75-5",NA,"14","images/filebab623bf8bc6-single.svg","turk10",35,"data-2-1-8-75-5-14-18.csv"
415,"75","turk10-Rotated-Outer-Single-rep1","75-5",NA,"18","images/filebab67471867f-single.svg","turk10",35,"data-2-1-8-75-5-14-18.csv"
416,"75","turk10-Rotated-Outer-Multiple-rep1","75-5",NA,"18","images/filebab67471867f-multiple.svg","turk10",35,"data-2-1-8-75-5-14-18.csv"
417,"75","turk10-Control-Inner-Single-rep1","75-5",NA,"14","images/filebab6175d9213-single.svg","turk10",35,"data-2-1-8-75-5-14-18.csv"
418,"75","turk10-Control-Inner-Multiple-rep1","75-5",NA,"14","images/filebab6175d9213-multiple.svg","turk10",35,"data-2-1-8-75-5-14-18.csv"
419,"75","turk10-Control-Outer-Multiple-rep1","75-5",NA,"18","images/filebab6212961-multiple.svg","turk10",35,"data-2-1-8-75-5-14-18.csv"
420,"75","turk10-Control-Outer-Single-rep1","75-5",NA,"18","images/filebab6212961-single.svg","turk10",35,"data-2-1-8-75-5-14-18.csv"
421,"20","turk10-Standard-Inner-Multiple-rep1","20-10",NA,"9","images/filebab658594dd7-multiple.svg","turk10",36,"data-2-1-9-20-10-9-10.csv"
422,"20","turk10-Standard-Inner-Single-rep1","20-10",NA,"9","images/filebab658594dd7-single.svg","turk10",36,"data-2-1-9-20-10-9-10.csv"
423,"20","turk10-Standard-Outer-Multiple-rep1","20-10",NA,"10","images/filebab64f058b91-multiple.svg","turk10",36,"data-2-1-9-20-10-9-10.csv"
424,"20","turk10-Standard-Outer-Single-rep1","20-10",NA,"10","images/filebab64f058b91-single.svg","turk10",36,"data-2-1-9-20-10-9-10.csv"
425,"20","turk10-Rotated-Inner-Multiple-rep1","20-10",NA,"9","images/filebab61239f58-multiple.svg","turk10",36,"data-2-1-9-20-10-9-10.csv"
426,"20","turk10-Rotated-Inner-Single-rep1","20-10",NA,"9","images/filebab61239f58-single.svg","turk10",36,"data-2-1-9-20-10-9-10.csv"
427,"20","turk10-Rotated-Outer-Single-rep1","20-10",NA,"10","images/filebab649b24afd-single.svg","turk10",36,"data-2-1-9-20-10-9-10.csv"
428,"20","turk10-Rotated-Outer-Multiple-rep1","20-10",NA,"10","images/filebab649b24afd-multiple.svg","turk10",36,"data-2-1-9-20-10-9-10.csv"
429,"20","turk10-Control-Inner-Single-rep1","20-10",NA,"9","images/filebab6750e051e-single.svg","turk10",36,"data-2-1-9-20-10-9-10.csv"
430,"20","turk10-Control-Inner-Multiple-rep1","20-10",NA,"9","images/filebab6750e051e-multiple.svg","turk10",36,"data-2-1-9-20-10-9-10.csv"
431,"20","turk10-Control-Outer-Multiple-rep1","20-10",NA,"10","images/filebab66b72309b-multiple.svg","turk10",36,"data-2-1-9-20-10-9-10.csv"
432,"20","turk10-Control-Outer-Single-rep1","20-10",NA,"10","images/filebab66b72309b-single.svg","turk10",36,"data-2-1-9-20-10-9-10.csv"
433,"20","turk10-Standard-Inner-Multiple-rep2","20-2",NA,"8","images/filebab67c702a30-multiple.svg","turk10",37,"data-2-2-13-20-2-8-2.csv"
434,"20","turk10-Standard-Inner-Single-rep2","20-2",NA,"8","images/filebab67c702a30-single.svg","turk10",37,"data-2-2-13-20-2-8-2.csv"
435,"20","turk10-Standard-Outer-Multiple-rep2","20-2",NA,"2","images/filebab627e1f523-multiple.svg","turk10",37,"data-2-2-13-20-2-8-2.csv"
436,"20","turk10-Standard-Outer-Single-rep2","20-2",NA,"2","images/filebab627e1f523-single.svg","turk10",37,"data-2-2-13-20-2-8-2.csv"
437,"20","turk10-Rotated-Inner-Multiple-rep2","20-2",NA,"8","images/filebab615d54739-multiple.svg","turk10",37,"data-2-2-13-20-2-8-2.csv"
438,"20","turk10-Rotated-Inner-Single-rep2","20-2",NA,"8","images/filebab615d54739-single.svg","turk10",37,"data-2-2-13-20-2-8-2.csv"
439,"20","turk10-Rotated-Outer-Single-rep2","20-2",NA,"2","images/filebab66536fa61-single.svg","turk10",37,"data-2-2-13-20-2-8-2.csv"
440,"20","turk10-Rotated-Outer-Multiple-rep2","20-2",NA,"2","images/filebab66536fa61-multiple.svg","turk10",37,"data-2-2-13-20-2-8-2.csv"
441,"20","turk10-Control-Inner-Single-rep2","20-2",NA,"8","images/filebab663a4e149-single.svg","turk10",37,"data-2-2-13-20-2-8-2.csv"
442,"20","turk10-Control-Inner-Multiple-rep2","20-2",NA,"8","images/filebab663a4e149-multiple.svg","turk10",37,"data-2-2-13-20-2-8-2.csv"
443,"20","turk10-Control-Outer-Multiple-rep2","20-2",NA,"2","images/filebab65dc2b2ba-multiple.svg","turk10",37,"data-2-2-13-20-2-8-2.csv"
444,"20","turk10-Control-Outer-Single-rep2","20-2",NA,"2","images/filebab65dc2b2ba-single.svg","turk10",37,"data-2-2-13-20-2-8-2.csv"
445,"30","turk10-Standard-Inner-Multiple-rep2","30-2",NA,"12","images/filebab613ed08ae-multiple.svg","turk10",38,"data-2-2-14-30-2-12-1.csv"
446,"30","turk10-Standard-Inner-Single-rep2","30-2",NA,"12","images/filebab613ed08ae-single.svg","turk10",38,"data-2-2-14-30-2-12-1.csv"
447,"30","turk10-Standard-Outer-Multiple-rep2","30-2",NA,"1","images/filebab62ed4e1ba-multiple.svg","turk10",38,"data-2-2-14-30-2-12-1.csv"
448,"30","turk10-Standard-Outer-Single-rep2","30-2",NA,"1","images/filebab62ed4e1ba-single.svg","turk10",38,"data-2-2-14-30-2-12-1.csv"
449,"30","turk10-Rotated-Inner-Multiple-rep2","30-2",NA,"12","images/filebab61964016d-multiple.svg","turk10",38,"data-2-2-14-30-2-12-1.csv"
450,"30","turk10-Rotated-Inner-Single-rep2","30-2",NA,"12","images/filebab61964016d-single.svg","turk10",38,"data-2-2-14-30-2-12-1.csv"
451,"30","turk10-Rotated-Outer-Single-rep2","30-2",NA,"1","images/filebab67499a820-single.svg","turk10",38,"data-2-2-14-30-2-12-1.csv"
452,"30","turk10-Rotated-Outer-Multiple-rep2","30-2",NA,"1","images/filebab67499a820-multiple.svg","turk10",38,"data-2-2-14-30-2-12-1.csv"
453,"30","turk10-Control-Inner-Single-rep2","30-2",NA,"12","images/filebab61a2f925b-single.svg","turk10",38,"data-2-2-14-30-2-12-1.csv"
454,"30","turk10-Control-Inner-Multiple-rep2","30-2",NA,"12","images/filebab61a2f925b-multiple.svg","turk10",38,"data-2-2-14-30-2-12-1.csv"
455,"30","turk10-Control-Outer-Multiple-rep2","30-2",NA,"1","images/filebab62931a1cb-multiple.svg","turk10",38,"data-2-2-14-30-2-12-1.csv"
456,"30","turk10-Control-Outer-Single-rep2","30-2",NA,"1","images/filebab62931a1cb-single.svg","turk10",38,"data-2-2-14-30-2-12-1.csv"
457,"50","turk10-Standard-Inner-Multiple-rep2","50-2",NA,"8","images/filebab62b03df01-multiple.svg","turk10",39,"data-2-2-15-50-2-8-11.csv"
458,"50","turk10-Standard-Inner-Single-rep2","50-2",NA,"8","images/filebab62b03df01-single.svg","turk10",39,"data-2-2-15-50-2-8-11.csv"
459,"50","turk10-Standard-Outer-Multiple-rep2","50-2",NA,"11","images/filebab6b25d0b7-multiple.svg","turk10",39,"data-2-2-15-50-2-8-11.csv"
460,"50","turk10-Standard-Outer-Single-rep2","50-2",NA,"11","images/filebab6b25d0b7-single.svg","turk10",39,"data-2-2-15-50-2-8-11.csv"
461,"50","turk10-Rotated-Inner-Multiple-rep2","50-2",NA,"8","images/filebab679752b8d-multiple.svg","turk10",39,"data-2-2-15-50-2-8-11.csv"
462,"50","turk10-Rotated-Inner-Single-rep2","50-2",NA,"8","images/filebab679752b8d-single.svg","turk10",39,"data-2-2-15-50-2-8-11.csv"
463,"50","turk10-Rotated-Outer-Single-rep2","50-2",NA,"11","images/filebab67b7e7446-single.svg","turk10",39,"data-2-2-15-50-2-8-11.csv"
464,"50","turk10-Rotated-Outer-Multiple-rep2","50-2",NA,"11","images/filebab67b7e7446-multiple.svg","turk10",39,"data-2-2-15-50-2-8-11.csv"
465,"50","turk10-Control-Inner-Single-rep2","50-2",NA,"8","images/filebab65fa9a418-single.svg","turk10",39,"data-2-2-15-50-2-8-11.csv"
466,"50","turk10-Control-Inner-Multiple-rep2","50-2",NA,"8","images/filebab65fa9a418-multiple.svg","turk10",39,"data-2-2-15-50-2-8-11.csv"
467,"50","turk10-Control-Outer-Multiple-rep2","50-2",NA,"11","images/filebab67a5454b8-multiple.svg","turk10",39,"data-2-2-15-50-2-8-11.csv"
468,"50","turk10-Control-Outer-Single-rep2","50-2",NA,"11","images/filebab67a5454b8-single.svg","turk10",39,"data-2-2-15-50-2-8-11.csv"
469,"75","turk10-Standard-Inner-Multiple-rep2","75-2",NA,"8","images/filebab6465e3944-multiple.svg","turk10",40,"data-2-2-16-75-2-8-5.csv"
470,"75","turk10-Standard-Inner-Single-rep2","75-2",NA,"8","images/filebab6465e3944-single.svg","turk10",40,"data-2-2-16-75-2-8-5.csv"
471,"75","turk10-Standard-Outer-Multiple-rep2","75-2",NA,"5","images/filebab65401c373-multiple.svg","turk10",40,"data-2-2-16-75-2-8-5.csv"
472,"75","turk10-Standard-Outer-Single-rep2","75-2",NA,"5","images/filebab65401c373-single.svg","turk10",40,"data-2-2-16-75-2-8-5.csv"
473,"75","turk10-Rotated-Inner-Multiple-rep2","75-2",NA,"8","images/filebab636863ac6-multiple.svg","turk10",40,"data-2-2-16-75-2-8-5.csv"
474,"75","turk10-Rotated-Inner-Single-rep2","75-2",NA,"8","images/filebab636863ac6-single.svg","turk10",40,"data-2-2-16-75-2-8-5.csv"
475,"75","turk10-Rotated-Outer-Single-rep2","75-2",NA,"5","images/filebab6267cb921-single.svg","turk10",40,"data-2-2-16-75-2-8-5.csv"
476,"75","turk10-Rotated-Outer-Multiple-rep2","75-2",NA,"5","images/filebab6267cb921-multiple.svg","turk10",40,"data-2-2-16-75-2-8-5.csv"
477,"75","turk10-Control-Inner-Single-rep2","75-2",NA,"8","images/filebab63fc6de1b-single.svg","turk10",40,"data-2-2-16-75-2-8-5.csv"
478,"75","turk10-Control-Inner-Multiple-rep2","75-2",NA,"8","images/filebab63fc6de1b-multiple.svg","turk10",40,"data-2-2-16-75-2-8-5.csv"
479,"75","turk10-Control-Outer-Multiple-rep2","75-2",NA,"5","images/filebab6191fdf53-multiple.svg","turk10",40,"data-2-2-16-75-2-8-5.csv"
480,"75","turk10-Control-Outer-Single-rep2","75-2",NA,"5","images/filebab6191fdf53-single.svg","turk10",40,"data-2-2-16-75-2-8-5.csv"
481,"20","turk10-Standard-Inner-Multiple-rep2","20-5",NA,"8","images/filebab6d610658-multiple.svg","turk10",41,"data-2-2-17-20-5-8-15.csv"
482,"20","turk10-Standard-Inner-Single-rep2","20-5",NA,"8","images/filebab6d610658-single.svg","turk10",41,"data-2-2-17-20-5-8-15.csv"
483,"20","turk10-Standard-Outer-Multiple-rep2","20-5",NA,"15","images/filebab65ce78244-multiple.svg","turk10",41,"data-2-2-17-20-5-8-15.csv"
484,"20","turk10-Standard-Outer-Single-rep2","20-5",NA,"15","images/filebab65ce78244-single.svg","turk10",41,"data-2-2-17-20-5-8-15.csv"
485,"20","turk10-Rotated-Inner-Multiple-rep2","20-5",NA,"8","images/filebab67b7ecf07-multiple.svg","turk10",41,"data-2-2-17-20-5-8-15.csv"
486,"20","turk10-Rotated-Inner-Single-rep2","20-5",NA,"8","images/filebab67b7ecf07-single.svg","turk10",41,"data-2-2-17-20-5-8-15.csv"
487,"20","turk10-Rotated-Outer-Single-rep2","20-5",NA,"15","images/filebab6424a13e8-single.svg","turk10",41,"data-2-2-17-20-5-8-15.csv"
488,"20","turk10-Rotated-Outer-Multiple-rep2","20-5",NA,"15","images/filebab6424a13e8-multiple.svg","turk10",41,"data-2-2-17-20-5-8-15.csv"
489,"20","turk10-Control-Inner-Single-rep2","20-5",NA,"8","images/filebab663196e02-single.svg","turk10",41,"data-2-2-17-20-5-8-15.csv"
490,"20","turk10-Control-Inner-Multiple-rep2","20-5",NA,"8","images/filebab663196e02-multiple.svg","turk10",41,"data-2-2-17-20-5-8-15.csv"
491,"20","turk10-Control-Outer-Multiple-rep2","20-5",NA,"15","images/filebab61a857822-multiple.svg","turk10",41,"data-2-2-17-20-5-8-15.csv"
492,"20","turk10-Control-Outer-Single-rep2","20-5",NA,"15","images/filebab61a857822-single.svg","turk10",41,"data-2-2-17-20-5-8-15.csv"
493,"30","turk10-Standard-Inner-Multiple-rep2","30-5",NA,"8","images/filebab65c31d58d-multiple.svg","turk10",42,"data-2-2-18-30-5-8-16.csv"
494,"30","turk10-Standard-Inner-Single-rep2","30-5",NA,"8","images/filebab65c31d58d-single.svg","turk10",42,"data-2-2-18-30-5-8-16.csv"
495,"30","turk10-Standard-Outer-Multiple-rep2","30-5",NA,"16","images/filebab64bbb4b44-multiple.svg","turk10",42,"data-2-2-18-30-5-8-16.csv"
496,"30","turk10-Standard-Outer-Single-rep2","30-5",NA,"16","images/filebab64bbb4b44-single.svg","turk10",42,"data-2-2-18-30-5-8-16.csv"
497,"30","turk10-Rotated-Inner-Multiple-rep2","30-5",NA,"8","images/filebab630920dc8-multiple.svg","turk10",42,"data-2-2-18-30-5-8-16.csv"
498,"30","turk10-Rotated-Inner-Single-rep2","30-5",NA,"8","images/filebab630920dc8-single.svg","turk10",42,"data-2-2-18-30-5-8-16.csv"
499,"30","turk10-Rotated-Outer-Single-rep2","30-5",NA,"16","images/filebab644c6de61-single.svg","turk10",42,"data-2-2-18-30-5-8-16.csv"
500,"30","turk10-Rotated-Outer-Multiple-rep2","30-5",NA,"16","images/filebab644c6de61-multiple.svg","turk10",42,"data-2-2-18-30-5-8-16.csv"
501,"30","turk10-Control-Inner-Single-rep2","30-5",NA,"8","images/filebab6754a8433-single.svg","turk10",42,"data-2-2-18-30-5-8-16.csv"
502,"30","turk10-Control-Inner-Multiple-rep2","30-5",NA,"8","images/filebab6754a8433-multiple.svg","turk10",42,"data-2-2-18-30-5-8-16.csv"
503,"30","turk10-Control-Outer-Multiple-rep2","30-5",NA,"16","images/filebab66f2d6c6d-multiple.svg","turk10",42,"data-2-2-18-30-5-8-16.csv"
504,"30","turk10-Control-Outer-Single-rep2","30-5",NA,"16","images/filebab66f2d6c6d-single.svg","turk10",42,"data-2-2-18-30-5-8-16.csv"
505,"50","turk10-Standard-Inner-Multiple-rep2","50-5",NA,"9","images/filebab67846bec9-multiple.svg","turk10",43,"data-2-2-19-50-5-9-1.csv"
506,"50","turk10-Standard-Inner-Single-rep2","50-5",NA,"9","images/filebab67846bec9-single.svg","turk10",43,"data-2-2-19-50-5-9-1.csv"
507,"50","turk10-Standard-Outer-Multiple-rep2","50-5",NA,"1","images/filebab66c97bbcf-multiple.svg","turk10",43,"data-2-2-19-50-5-9-1.csv"
508,"50","turk10-Standard-Outer-Single-rep2","50-5",NA,"1","images/filebab66c97bbcf-single.svg","turk10",43,"data-2-2-19-50-5-9-1.csv"
509,"50","turk10-Rotated-Inner-Multiple-rep2","50-5",NA,"9","images/filebab6f29a121-multiple.svg","turk10",43,"data-2-2-19-50-5-9-1.csv"
510,"50","turk10-Rotated-Inner-Single-rep2","50-5",NA,"9","images/filebab6f29a121-single.svg","turk10",43,"data-2-2-19-50-5-9-1.csv"
511,"50","turk10-Rotated-Outer-Single-rep2","50-5",NA,"1","images/filebab67611854d-single.svg","turk10",43,"data-2-2-19-50-5-9-1.csv"
512,"50","turk10-Rotated-Outer-Multiple-rep2","50-5",NA,"1","images/filebab67611854d-multiple.svg","turk10",43,"data-2-2-19-50-5-9-1.csv"
513,"50","turk10-Control-Inner-Single-rep2","50-5",NA,"9","images/filebab65dab4abb-single.svg","turk10",43,"data-2-2-19-50-5-9-1.csv"
514,"50","turk10-Control-Inner-Multiple-rep2","50-5",NA,"9","images/filebab65dab4abb-multiple.svg","turk10",43,"data-2-2-19-50-5-9-1.csv"
515,"50","turk10-Control-Outer-Multiple-rep2","50-5",NA,"1","images/filebab618b76b08-multiple.svg","turk10",43,"data-2-2-19-50-5-9-1.csv"
516,"50","turk10-Control-Outer-Single-rep2","50-5",NA,"1","images/filebab618b76b08-single.svg","turk10",43,"data-2-2-19-50-5-9-1.csv"
517,"75","turk10-Standard-Inner-Multiple-rep2","75-5",NA,"12","images/filebab644c821a9-multiple.svg","turk10",44,"data-2-2-20-75-5-12-19.csv"
518,"75","turk10-Standard-Inner-Single-rep2","75-5",NA,"12","images/filebab644c821a9-single.svg","turk10",44,"data-2-2-20-75-5-12-19.csv"
519,"75","turk10-Standard-Outer-Multiple-rep2","75-5",NA,"19","images/filebab62f1a0186-multiple.svg","turk10",44,"data-2-2-20-75-5-12-19.csv"
520,"75","turk10-Standard-Outer-Single-rep2","75-5",NA,"19","images/filebab62f1a0186-single.svg","turk10",44,"data-2-2-20-75-5-12-19.csv"
521,"75","turk10-Rotated-Inner-Multiple-rep2","75-5",NA,"12","images/filebab631d3e6e5-multiple.svg","turk10",44,"data-2-2-20-75-5-12-19.csv"
522,"75","turk10-Rotated-Inner-Single-rep2","75-5",NA,"12","images/filebab631d3e6e5-single.svg","turk10",44,"data-2-2-20-75-5-12-19.csv"
523,"75","turk10-Rotated-Outer-Single-rep2","75-5",NA,"19","images/filebab64edbddf1-single.svg","turk10",44,"data-2-2-20-75-5-12-19.csv"
524,"75","turk10-Rotated-Outer-Multiple-rep2","75-5",NA,"19","images/filebab64edbddf1-multiple.svg","turk10",44,"data-2-2-20-75-5-12-19.csv"
525,"75","turk10-Control-Inner-Single-rep2","75-5",NA,"12","images/filebab6545a1c92-single.svg","turk10",44,"data-2-2-20-75-5-12-19.csv"
526,"75","turk10-Control-Inner-Multiple-rep2","75-5",NA,"12","images/filebab6545a1c92-multiple.svg","turk10",44,"data-2-2-20-75-5-12-19.csv"
527,"75","turk10-Control-Outer-Multiple-rep2","75-5",NA,"19","images/filebab66809e081-multiple.svg","turk10",44,"data-2-2-20-75-5-12-19.csv"
528,"75","turk10-Control-Outer-Single-rep2","75-5",NA,"19","images/filebab66809e081-single.svg","turk10",44,"data-2-2-20-75-5-12-19.csv"
529,"20","turk10-Standard-Inner-Multiple-rep2","20-10",NA,"12","images/filebab67e09ac56-multiple.svg","turk10",45,"data-2-2-21-20-10-12-19.csv"
530,"20","turk10-Standard-Inner-Single-rep2","20-10",NA,"12","images/filebab67e09ac56-single.svg","turk10",45,"data-2-2-21-20-10-12-19.csv"
531,"20","turk10-Standard-Outer-Multiple-rep2","20-10",NA,"19","images/filebab62d1182bf-multiple.svg","turk10",45,"data-2-2-21-20-10-12-19.csv"
532,"20","turk10-Standard-Outer-Single-rep2","20-10",NA,"19","images/filebab62d1182bf-single.svg","turk10",45,"data-2-2-21-20-10-12-19.csv"
533,"20","turk10-Rotated-Inner-Multiple-rep2","20-10",NA,"12","images/filebab660726a83-multiple.svg","turk10",45,"data-2-2-21-20-10-12-19.csv"
534,"20","turk10-Rotated-Inner-Single-rep2","20-10",NA,"12","images/filebab660726a83-single.svg","turk10",45,"data-2-2-21-20-10-12-19.csv"
535,"20","turk10-Rotated-Outer-Single-rep2","20-10",NA,"19","images/filebab677aeefec-single.svg","turk10",45,"data-2-2-21-20-10-12-19.csv"
536,"20","turk10-Rotated-Outer-Multiple-rep2","20-10",NA,"19","images/filebab677aeefec-multiple.svg","turk10",45,"data-2-2-21-20-10-12-19.csv"
537,"20","turk10-Control-Inner-Single-rep2","20-10",NA,"12","images/filebab6589ee0b6-single.svg","turk10",45,"data-2-2-21-20-10-12-19.csv"
538,"20","turk10-Control-Inner-Multiple-rep2","20-10",NA,"12","images/filebab6589ee0b6-multiple.svg","turk10",45,"data-2-2-21-20-10-12-19.csv"
539,"20","turk10-Control-Outer-Multiple-rep2","20-10",NA,"19","images/filebab626b2fa2e-multiple.svg","turk10",45,"data-2-2-21-20-10-12-19.csv"
540,"20","turk10-Control-Outer-Single-rep2","20-10",NA,"19","images/filebab626b2fa2e-single.svg","turk10",45,"data-2-2-21-20-10-12-19.csv"
541,"30","turk10-Standard-Inner-Multiple-rep2","30-10",NA,"14","images/filebab641ecbcc4-multiple.svg","turk10",46,"data-2-2-22-30-10-14-18.csv"
542,"30","turk10-Standard-Inner-Single-rep2","30-10",NA,"14","images/filebab641ecbcc4-single.svg","turk10",46,"data-2-2-22-30-10-14-18.csv"
543,"30","turk10-Standard-Outer-Multiple-rep2","30-10",NA,"18","images/filebab61d5d09ac-multiple.svg","turk10",46,"data-2-2-22-30-10-14-18.csv"
544,"30","turk10-Standard-Outer-Single-rep2","30-10",NA,"18","images/filebab61d5d09ac-single.svg","turk10",46,"data-2-2-22-30-10-14-18.csv"
545,"30","turk10-Rotated-Inner-Multiple-rep2","30-10",NA,"14","images/filebab63046f5db-multiple.svg","turk10",46,"data-2-2-22-30-10-14-18.csv"
546,"30","turk10-Rotated-Inner-Single-rep2","30-10",NA,"14","images/filebab63046f5db-single.svg","turk10",46,"data-2-2-22-30-10-14-18.csv"
547,"30","turk10-Rotated-Outer-Single-rep2","30-10",NA,"18","images/filebab62b715a0-single.svg","turk10",46,"data-2-2-22-30-10-14-18.csv"
548,"30","turk10-Rotated-Outer-Multiple-rep2","30-10",NA,"18","images/filebab62b715a0-multiple.svg","turk10",46,"data-2-2-22-30-10-14-18.csv"
549,"30","turk10-Control-Inner-Single-rep2","30-10",NA,"14","images/filebab647260a43-single.svg","turk10",46,"data-2-2-22-30-10-14-18.csv"
550,"30","turk10-Control-Inner-Multiple-rep2","30-10",NA,"14","images/filebab647260a43-multiple.svg","turk10",46,"data-2-2-22-30-10-14-18.csv"
551,"30","turk10-Control-Outer-Multiple-rep2","30-10",NA,"18","images/filebab6126bd933-multiple.svg","turk10",46,"data-2-2-22-30-10-14-18.csv"
552,"30","turk10-Control-Outer-Single-rep2","30-10",NA,"18","images/filebab6126bd933-single.svg","turk10",46,"data-2-2-22-30-10-14-18.csv"
553,"50","turk10-Standard-Inner-Multiple-rep2","50-10",NA,"13","images/filebab64b9b232-multiple.svg","turk10",47,"data-2-2-23-50-10-13-11.csv"
554,"50","turk10-Standard-Inner-Single-rep2","50-10",NA,"13","images/filebab64b9b232-single.svg","turk10",47,"data-2-2-23-50-10-13-11.csv"
555,"50","turk10-Standard-Outer-Multiple-rep2","50-10",NA,"11","images/filebab63b61f30a-multiple.svg","turk10",47,"data-2-2-23-50-10-13-11.csv"
556,"50","turk10-Standard-Outer-Single-rep2","50-10",NA,"11","images/filebab63b61f30a-single.svg","turk10",47,"data-2-2-23-50-10-13-11.csv"
557,"50","turk10-Rotated-Inner-Multiple-rep2","50-10",NA,"13","images/filebab66680acb7-multiple.svg","turk10",47,"data-2-2-23-50-10-13-11.csv"
558,"50","turk10-Rotated-Inner-Single-rep2","50-10",NA,"13","images/filebab66680acb7-single.svg","turk10",47,"data-2-2-23-50-10-13-11.csv"
559,"50","turk10-Rotated-Outer-Single-rep2","50-10",NA,"11","images/filebab69cb56f4-single.svg","turk10",47,"data-2-2-23-50-10-13-11.csv"
560,"50","turk10-Rotated-Outer-Multiple-rep2","50-10",NA,"11","images/filebab69cb56f4-multiple.svg","turk10",47,"data-2-2-23-50-10-13-11.csv"
561,"50","turk10-Control-Inner-Single-rep2","50-10",NA,"13","images/filebab61b9b33fb-single.svg","turk10",47,"data-2-2-23-50-10-13-11.csv"
562,"50","turk10-Control-Inner-Multiple-rep2","50-10",NA,"13","images/filebab61b9b33fb-multiple.svg","turk10",47,"data-2-2-23-50-10-13-11.csv"
563,"50","turk10-Control-Outer-Multiple-rep2","50-10",NA,"11","images/filebab66a71b1e5-multiple.svg","turk10",47,"data-2-2-23-50-10-13-11.csv"
564,"50","turk10-Control-Outer-Single-rep2","50-10",NA,"11","images/filebab66a71b1e5-single.svg","turk10",47,"data-2-2-23-50-10-13-11.csv"
565,"75","turk10-Standard-Inner-Multiple-rep2","75-10",NA,"12","images/filebab67906aad2-multiple.svg","turk10",48,"data-2-2-24-75-10-12-3.csv"
566,"75","turk10-Standard-Inner-Single-rep2","75-10",NA,"12","images/filebab67906aad2-single.svg","turk10",48,"data-2-2-24-75-10-12-3.csv"
567,"75","turk10-Standard-Outer-Multiple-rep2","75-10",NA,"3","images/filebab624b8ff11-multiple.svg","turk10",48,"data-2-2-24-75-10-12-3.csv"
568,"75","turk10-Standard-Outer-Single-rep2","75-10",NA,"3","images/filebab624b8ff11-single.svg","turk10",48,"data-2-2-24-75-10-12-3.csv"
569,"75","turk10-Rotated-Inner-Multiple-rep2","75-10",NA,"12","images/filebab64e5667fb-multiple.svg","turk10",48,"data-2-2-24-75-10-12-3.csv"
570,"75","turk10-Rotated-Inner-Single-rep2","75-10",NA,"12","images/filebab64e5667fb-single.svg","turk10",48,"data-2-2-24-75-10-12-3.csv"
571,"75","turk10-Rotated-Outer-Single-rep2","75-10",NA,"3","images/filebab6ac4b7eb-single.svg","turk10",48,"data-2-2-24-75-10-12-3.csv"
572,"75","turk10-Rotated-Outer-Multiple-rep2","75-10",NA,"3","images/filebab6ac4b7eb-multiple.svg","turk10",48,"data-2-2-24-75-10-12-3.csv"
573,"75","turk10-Control-Inner-Single-rep2","75-10",NA,"12","images/filebab66d71c7ec-single.svg","turk10",48,"data-2-2-24-75-10-12-3.csv"
574,"75","turk10-Control-Inner-Multiple-rep2","75-10",NA,"12","images/filebab66d71c7ec-multiple.svg","turk10",48,"data-2-2-24-75-10-12-3.csv"
575,"75","turk10-Control-Outer-Multiple-rep2","75-10",NA,"3","images/filebab648fc8f16-multiple.svg","turk10",48,"data-2-2-24-75-10-12-3.csv"
576,"75","turk10-Control-Outer-Single-rep2","75-10",NA,"3","images/filebab648fc8f16-single.svg","turk10",48,"data-2-2-24-75-10-12-3.csv"
577,"85","turk10-Standard-Inner-Multiple-rep1","radon85-0",NA,"14","images/filebab64e18389a-multiple.svg","turk10",49,"radondata-1-1-0-85-0-14-10.csv"
578,"85","turk10-Standard-Inner-Single-rep1","radon85-0",NA,"14","images/filebab64e18389a-single.svg","turk10",49,"radondata-1-1-0-85-0-14-10.csv"
579,"85","turk10-Standard-Outer-Multiple-rep1","radon85-0",NA,"10","images/filebab6182c2e84-multiple.svg","turk10",49,"radondata-1-1-0-85-0-14-10.csv"
580,"85","turk10-Standard-Outer-Single-rep1","radon85-0",NA,"10","images/filebab6182c2e84-single.svg","turk10",49,"radondata-1-1-0-85-0-14-10.csv"
581,"85","turk10-Rotated-Inner-Multiple-rep1","radon85-0",NA,"14","images/filebab63d1612c9-multiple.svg","turk10",49,"radondata-1-1-0-85-0-14-10.csv"
582,"85","turk10-Rotated-Inner-Single-rep1","radon85-0",NA,"14","images/filebab63d1612c9-single.svg","turk10",49,"radondata-1-1-0-85-0-14-10.csv"
583,"85","turk10-Rotated-Outer-Single-rep1","radon85-0",NA,"10","images/filebab6742b6973-single.svg","turk10",49,"radondata-1-1-0-85-0-14-10.csv"
584,"85","turk10-Rotated-Outer-Multiple-rep1","radon85-0",NA,"10","images/filebab6742b6973-multiple.svg","turk10",49,"radondata-1-1-0-85-0-14-10.csv"
585,"85","turk10-Control-Inner-Single-rep1","radon85-0",NA,"14","images/filebab67ca1e881-single.svg","turk10",49,"radondata-1-1-0-85-0-14-10.csv"
586,"85","turk10-Control-Inner-Multiple-rep1","radon85-0",NA,"14","images/filebab67ca1e881-multiple.svg","turk10",49,"radondata-1-1-0-85-0-14-10.csv"
587,"85","turk10-Control-Outer-Multiple-rep1","radon85-0",NA,"10","images/filebab669a7ad13-multiple.svg","turk10",49,"radondata-1-1-0-85-0-14-10.csv"
588,"85","turk10-Control-Outer-Single-rep1","radon85-0",NA,"10","images/filebab669a7ad13-single.svg","turk10",49,"radondata-1-1-0-85-0-14-10.csv"
589,"84","turk10-Standard-Inner-Multiple-rep2","radon84-0",NA,"12","images/filebab65fd4d74f-multiple.svg","turk10",50,"radondata-1-2-0-84-0-12-5.csv"
590,"84","turk10-Standard-Inner-Single-rep2","radon84-0",NA,"12","images/filebab65fd4d74f-single.svg","turk10",50,"radondata-1-2-0-84-0-12-5.csv"
591,"84","turk10-Standard-Outer-Multiple-rep2","radon84-0",NA,"5","images/filebab6e83b4b0-multiple.svg","turk10",50,"radondata-1-2-0-84-0-12-5.csv"
592,"84","turk10-Standard-Outer-Single-rep2","radon84-0",NA,"5","images/filebab6e83b4b0-single.svg","turk10",50,"radondata-1-2-0-84-0-12-5.csv"
593,"84","turk10-Rotated-Inner-Multiple-rep2","radon84-0",NA,"12","images/filebab67f53f095-multiple.svg","turk10",50,"radondata-1-2-0-84-0-12-5.csv"
594,"84","turk10-Rotated-Inner-Single-rep2","radon84-0",NA,"12","images/filebab67f53f095-single.svg","turk10",50,"radondata-1-2-0-84-0-12-5.csv"
595,"84","turk10-Rotated-Outer-Single-rep2","radon84-0",NA,"5","images/filebab65fd80781-single.svg","turk10",50,"radondata-1-2-0-84-0-12-5.csv"
596,"84","turk10-Rotated-Outer-Multiple-rep2","radon84-0",NA,"5","images/filebab65fd80781-multiple.svg","turk10",50,"radondata-1-2-0-84-0-12-5.csv"
597,"84","turk10-Control-Inner-Single-rep2","radon84-0",NA,"12","images/filebab668cb9641-single.svg","turk10",50,"radondata-1-2-0-84-0-12-5.csv"
598,"84","turk10-Control-Inner-Multiple-rep2","radon84-0",NA,"12","images/filebab668cb9641-multiple.svg","turk10",50,"radondata-1-2-0-84-0-12-5.csv"
599,"84","turk10-Control-Outer-Multiple-rep2","radon84-0",NA,"5","images/filebab6df5bb27-multiple.svg","turk10",50,"radondata-1-2-0-84-0-12-5.csv"
600,"84","turk10-Control-Outer-Single-rep2","radon84-0",NA,"5","images/filebab6df5bb27-single.svg","turk10",50,"radondata-1-2-0-84-0-12-5.csv"
